Código da Situação Tributária;Descrição da Situação Tributária;Exige Tributação;Redução BC CST;Redução de Alíquota;Transferência de Crédito;Diferimento;Monofásica;Crédito Presumido IBS Zona Franca de Manaus;Ajuste de Competência;Código da Classificação Tributária;Descrição do Código da Classificação Tributária;Percentual Redução IBS;Percentual Redução CBS;Tributação Regular;Crédito Presumido;Estorno de Crédito;Tributação Monofásica Normal;Tributação Monofásica sujeita a retenção;Tributação Monofásica retida anteriormente;Tributação Monofásica de Combustível com diferimento;Tipo de Alíquota;NFe;NFCe;CTe;CTe OS;BPe;NF3e;NFCom;NFSE;BPe TM;BPe TA;NFAg;NFSVIA;NFABI;NFGas;DERE;DIR;DUIMP;Número do Anexo;Url da Legislação;Tipo de Receita Bruta do Simples Nacional;Regime de Contribuição Social sobre Bens e Serviços;Imposto sobre Bens e Serviços
000;Tributação integral;Sim;Não;Não;Não;Não;Não;Não;Não;000001;Situações tributadas integralmente pelo IBS e CBS.;0;0;Não;Não;Não;Não;Não;Não;Não;2 - Padrão;Sim;Sim;Sim;Sim;Sim;Sim;Sim;Sim;Não;Sim;Sim;Não;Não;Sim;Não;Sim;Não;;https://www.planalto.gov.br/ccivil_03/leis/lcp/lcp214.htm#art4;1 - Receita Bruta Interna;;
000;Tributação integral;Sim;Não;Não;Não;Não;Não;Não;Não;000002;Exploração de via, observado o art. 11 da Lei Complementar nº 214, de 2025.;0;0;Não;Não;Não;Não;Não;Não;Não;2 - Padrão;Não;Não;Não;Não;Não;Não;Não;Não;Não;Não;Não;Sim;Não;Não;Não;Não;Sim;90111;https://www.planalto.gov.br/ccivil_03/leis/lcp/lcp214.htm#art11;1 - Receita Bruta Interna;"Art. 12. Considera-se local da operação com:
VIII - serviço de exploração de via, mediante cobrança de valor a qualquer título, incluindo tarifas, pedágios e quaisquer outras formas de cobrança, o território de cada Município e Estado, ou do Distrito Federal, proporcionalmente à correspondente extensão da via explorada;";"Art. 12. Considera-se local da operação com:
VIII - serviço de exploração de via, mediante cobrança de valor a qualquer título, incluindo tarifas, pedágios e quaisquer outras formas de cobrança, o território de cada Município e Estado, ou do Distrito Federal, proporcionalmente à correspondente extensão da via explorada;"
000;Tributação integral;Sim;Não;Não;Não;Não;Não;Não;Não;000003;Regime automotivo - projetos incentivados, observado o art. 311 da Lei Complementar nº 214, de 2025.;0;0;Não;Sim;Não;Não;Não;Não;Não;2 - Padrão;Sim;Não;Não;Não;Não;Não;Não;Não;Não;Não;Não;Não;Não;Não;Não;Não;Sim;;https://www.planalto.gov.br/ccivil_03/leis/lcp/lcp214.htm#art311;1 - Receita Bruta Interna;Art. 521. Em relação aos projetos habilitados à fruição dos benefícios estabelecidos pelo art. 11-C da Lei nº 9.440, de 14 de março de 1997, o crédito presumido de que trata o art. 518 será calculado mediante a aplicação dos seguintes percentuais sobre o valor das vendas no mercado interno, em cada mês, dos produtos constantes nos projetos de que trata o art. 518, fabricados ou montados nos estabelecimentos incentivados:;
000;Tributação integral;Sim;Não;Não;Não;Não;Não;Não;Não;000004;Regime automotivo - projetos incentivados, observado o art. 312 da Lei Complementar nº 214, de 2025.;0;0;Não;Sim;Não;Não;Não;Não;Não;2 - Padrão;Sim;Não;Não;Não;Não;Não;Não;Não;Não;Não;Não;Não;Não;Não;Não;Não;Sim;;https://www.planalto.gov.br/ccivil_03/leis/lcp/lcp214.htm#art312;1 - Receita Bruta Interna;"Art. 522. Em relação aos projetos habilitados à fruição dos benefícios estabelecidos pelos art. 1º a art. 4º da Lei nº 9.826, de 23 de agosto de 1999, o crédito presumido de que trata o art. 518 deste Regulamento corresponderá ao produto da aplicação da seguinte fórmula: 
CP = V x Al x (1-Al) x F";
000;Tributação integral;Sim;Não;Não;Não;Não;Não;Não;Não;000005;Operação com EAC destinado à mistura com gasolina A, mas com saída do biocombustível com destinação diversa, observado o art. 179 da Lei Complementar nº 214, de 2025.;0;0;Não;Não;Não;Não;Não;Não;Não;2 - Padrão;Sim;Não;Não;Não;Não;Não;Não;Não;Não;Não;Não;Não;Não;Não;Não;Não;Sim;;"https://www.planalto.gov.br/ccivil_03/leis/lcp/lcp214.htm#art179
";1 - Receita Bruta Interna;"Art. 266. Nas operações com EAC:
I - o adquirente de EAC destinado à mistura com gasolina A que realizar a saída do biocombustível com destinação diversa fica obrigado a recolher a CBS incidente sobre o biocombustível, devendo emitir documento fiscal de saída com o valor a ser recolhido de acordo com a alíquota vigente no ato da operação;";"Art. 266. Nas operações com EAC:
I - o adquirente de EAC destinado à mistura com gasolina A que realizar a saída do biocombustível com destinação diversa fica obrigado a recolher o IBS incidente sobre o biocombustível, devendo emitir documento fiscal de saída com o valor a ser recolhido de acordo com a alíquota vigente no ato da operação;"
010;Tributação com alíquotas uniformes;Sim;Não;Não;Não;Não;Não;Não;Não;010001;Operações do FGTS não realizadas pela Caixa Econômica Federal, observado o art. 212 da Lei Complementar nº 214, de 2025.;0;0;Não;Não;Não;Não;Não;Não;Não;5 - Uniforme Setorial;Não;Não;Não;Não;Não;Não;Não;Sim;Não;Não;Não;Não;Não;Não;Sim;Não;Sim;;https://www.planalto.gov.br/ccivil_03/leis/lcp/lcp214.htm#art212;9 - Fornecimento Incompatível com SN;"Art. 308. As operações relacionadas ao Fundo de Garantia do Tempo de Serviço (FGTS) são sujeitas à incidência da CBS, por alíquotas nacionalmente uniformes.
...
Art. 482. Observado o disposto no art. 308, ficam sujeitas ao disposto nesta Seção as operações relacionadas ao FGTS, assim entendidas aquelas necessárias à aplicação da Lei nº 8.036, de 11 de maio de 1990, realizadas: 
II - pelos agentes financeiros do FGTS; e
III - pelos demais estabelecimentos bancários.
...
Art. 484. Para as operações previstas no art. 482, caput, incisos II e III, a soma das alíquotas da CBS e do IBS corresponderá: 
a) em 2026, a 0,1% (um décimo por cento);
b) em 2027, a 1,0% (um inteiro por cento);
c) em 2028, a 1,0% (um inteiro por cento);
d) em 2029, a 1,2% (um inteiro e dois décimos por cento);
e) em 2030, a 1,4% (um inteiro e quatro décimos por cento);
f) em 2031, a 1,6% (um inteiro e seis décimos por cento);
g) em 2032, a 1,8% (um inteiro e oito décimos por cento); e
h) a partir de 2033, a 3,0% (três inteiros por cento).";"Art. 308. As operações relacionadas ao Fundo de Garantia do Tempo de Serviço (FGTS) são sujeitas à incidência do IBS, por alíquotas nacionalmente uniformes.
...
Art. 481. Observado o disposto no art. 308, ficam sujeitas ao disposto nesta Seção as operações relacionadas ao FGTS, assim entendidas aquelas necessárias à aplicação da Lei nº 8.036, de 11 de maio de 1990, realizadas:
II - pelos agentes financeiros do FGTS; e
III - pelos demais estabelecimentos bancários.
Art. 482. A alíquota do IBS incidente sobre as operações de que trata o art. 481 será:
II - para as operações previstas nos incisos II e III, em 2026, 0,1% (um décimo por cento);
III - para as operações previstas nos incisos II e III, de modo que a soma das alíquotas do IBS e da CBS corresponda:
a) em 2027, a 1,0% (um inteiro por cento);
b) em 2028, a 1,0% (um inteiro por cento);
c) em 2029, a 1,2% (um inteiro e dois décimos por cento);
d) em 2030, a 1,4% (um inteiro e quatro décimos por cento);
e) em 2031, a 1,6% (um inteiro e seis décimos por cento);
f) em 2032, a 1,8% (um inteiro e oito décimos por cento); e
g) a partir de 2033, a 3,0% (três inteiros por cento)."
010;Tributação com alíquotas uniformes;Sim;Não;Não;Não;Não;Não;Não;Não;010002;Operações do serviço financeiro;0;0;Não;Não;Não;Não;Não;Não;Não;5 - Uniforme Setorial;Não;Não;Não;Não;Não;Não;Não;Sim;Não;Não;Não;Não;Não;Não;Sim;Não;Sim;;"https://www.planalto.gov.br/ccivil_03/leis/lcp/lcp214.htm#art233
";1 - Receita Bruta Interna;"Art. 480. A alíquota da CBS incidente sobre os serviços financeiros de que trata o art. 269 será:
I - em 2026, 0,9% (nove décimos por cento);
II - de 2027 a 2033, aquela fixada de acordo com as regras previstas no art. 481; e
III - a partir de 2034, aquela fixada para 2033.
Art. 481. De 2027 a 2033, a soma das alíquotas da CBS e do IBS incidentes sobre os serviços financeiros de que trata o art. 269 deste Regulamento, calculada nos termos do art. 10, § 1º, inciso II, da Emenda Constitucional nº 132, de 20 de dezembro de 2023, corresponderá:
I - em 2027 e 2028, a 10,85% (dez inteiros e oitenta e cinco centésimos por cento);
II - em 2029, a 11,00% (onze por cento);
III - em 2030, a 11,15% (onze inteiros e quinze centésimos por cento);
IV - em 2031, a 11,30% (onze inteiros e trinta centésimos por cento);
V - em 2032, a 11,50% (onze inteiros e cinquenta centésimos por cento); e
VI - em 2033, a 12,50% (doze inteiros e cinquenta centésimos por cento).";"Art. 479. A alíquota do IBS incidente sobre os serviços financeiros será:
I - em 2026, 0,1% (um décimo por cento);
II - em 2027 e 2028, 0,1%, sendo 0,05% (cinco centésimos por cento) como alíquota estadual e 0,05% (cinco centésimos por cento) como alíquota municipal;
III - de 2029 a 2033, aquelas fixadas de acordo com as regras previstas no art. 480; e
IV - a partir de 2034, aquela fixada para 2033.
Art. 480. De 2027 a 2033, a soma das alíquotas do IBS e da CBS incidentes sobre os serviços financeiros de que trata o art. 269 calculada nos termos do inciso II do § 1º do art. 10 da Emenda Constitucional
nº 132, de 20 de dezembro de 2023, corresponderá:
I - em 2027 e 2028, a 10,85% (dez inteiros e oitenta e cinco centésimos por cento);
II - em 2029, a 11,00% (onze por cento);
III - em 2030, a 11,15% (onze inteiros e quinze centésimos por cento);
IV - em 2031, a 11,30% (onze inteiros e trinta centésimos por cento);
V - em 2032, a 11,50% (onze inteiros e cinquenta centésimos por cento); e
VI - em 2033, a 12,50% (doze inteiros e cinquenta centésimos por cento)."
011;Tributação com alíquotas uniformes reduzidas;Sim;Não;Sim;Não;Não;Não;Não;Não;011001;Planos de assistência funerária, observado o art. 236 da Lei Complementar nº 214, de 2025.;60;60;Não;Não;Não;Não;Não;Não;Não;4 - Uniforme Nacional;Não;Não;Não;Não;Não;Não;Não;Não;Não;Não;Não;Não;Não;Não;Sim;Não;Sim;;https://www.planalto.gov.br/ccivil_03/leis/lcp/lcp214.htm#art236;1 - Receita Bruta Interna;Art. 345. Os planos de assistência funerária ficam sujeitos ao disposto nos art. 330 a art. 343.;Art. 345. Os planos de assistência funerária ficam sujeitos ao disposto nos arts. 330 a 344.
011;Tributação com alíquotas uniformes reduzidas;Sim;Não;Sim;Não;Não;Não;Não;Não;011002;Planos de assistência à saúde, observado o art. 237 da Lei Complementar nº 214, de 2025.;60;60;Não;Não;Não;Não;Não;Não;Não;4 - Uniforme Nacional;Não;Não;Não;Não;Não;Não;Não;Não;Não;Não;Não;Não;Não;Não;Sim;Não;Sim;;https://www.planalto.gov.br/ccivil_03/leis/lcp/lcp214.htm#art237;1 - Receita Bruta Interna;Art. 336. As alíquotas de CBS no regime específico de planos de assistência à saúde são nacionalmente uniformes e correspondem às alíquotas de referência de cada ente federativo, reduzidas em 60% (sessenta por cento).;Art. 336. As alíquotas de IBS no regime específico de planos de assistência à saúde são nacionalmente uniformes e correspondem às alíquotas de referência de cada esfera federativa, reduzidas em 60% (sessenta por cento).
011;Tributação com alíquotas uniformes reduzidas;Sim;Não;Sim;Não;Não;Não;Não;Não;011003;Intermediação de planos de assistência à saúde, observado o art. 240 da Lei Complementar nº 214, de 2025.;60;60;Não;Não;Não;Não;Não;Não;Não;4 - Uniforme Nacional;Não;Não;Não;Não;Não;Não;Não;Sim;Não;Não;Não;Não;Não;Não;Não;Não;Sim;92401;https://www.planalto.gov.br/ccivil_03/leis/lcp/lcp214.htm#art240;1 - Receita Bruta Interna;Art. 340. Os serviços de intermediação de planos de assistência à saúde ficam sujeitos à incidência da CBS sobre o valor da operação pela mesma alíquota aplicável ao plano de assistência à saúde. ;Art. 340. Os serviços de intermediação de planos de assistência à saúde ficam sujeitos à incidência do IBS sobre o valor da operação pela mesma alíquota aplicável ao plano de assistência à saúde. 
011;Tributação com alíquotas uniformes reduzidas;Sim;Não;Sim;Não;Não;Não;Não;Não;011004;Concursos e prognósticos, observado o art. 246 da Lei Complementar nº 214, de 2025.;0;0;Não;Não;Não;Não;Não;Não;Não;4 - Uniforme Nacional;Não;Não;Não;Não;Não;Não;Não;Não;Não;Não;Não;Não;Não;Não;Sim;Não;Sim;;https://www.planalto.gov.br/ccivil_03/leis/lcp/lcp214.htm#art246;1 - Receita Bruta Interna;Art. 353. As alíquotas da CBS sobre concursos de prognósticos são nacionalmente uniformes e correspondem à soma das alíquotas de referência dos entes federativos.;Art. 353. As alíquotas do IBS sobre concursos de prognósticos são nacionalmente uniformes e correspondem à soma das alíquotas de referência das esferas federativas. 
011;Tributação com alíquotas uniformes reduzidas;Sim;Não;Sim;Não;Não;Não;Não;Não;011005;Planos de assistência à saúde de animais domésticos, observado o art. 243 da Lei Complementar nº 214, de 2025.;30;30;Não;Não;Não;Não;Não;Não;Não;4 - Uniforme Nacional;Não;Não;Não;Não;Não;Não;Não;Não;Não;Não;Não;Não;Não;Não;Sim;Não;Sim;;https://www.planalto.gov.br/ccivil_03/leis/lcp/lcp214.htm#art243;1 - Receita Bruta Interna;Art. 346. Os planos de assistência à saúde de animais domésticos ficam sujeitos ao disposto nos art. 330 a art. 343, com exceção das alíquotas aplicáveis, que serão nacionalmente uniformes e corresponderão à soma das alíquotas de referência de cada ente federativo, reduzidas em 30% (trinta por cento), vedado o crédito ao adquirente.;Art. 346. Os planos de assistência à saúde de animais domésticos ficam sujeitos ao disposto nos arts. 330 a 344, com exceção das alíquotas aplicáveis, que serão nacionalmente uniformes e corresponderão à soma das alíquotas de referência de cada esfera federativa, reduzidas em 30% (trinta por cento), vedado o crédito ao adquirente.
200;Alíquota reduzida;Sim;Não;Sim;Não;Não;Não;Não;Não;200001;Serviços de transporte de bens até as zonas de processamento de exportação e bens exportados a partir das zonas de processamento de exportação, observado o art. 103 da Lei Complementar n 214, de 2025.;100;100;Não;Não;Não;Não;Não;Não;Não;2 - Padrão;Não;Não;Sim;Sim;Não;Não;Não;Sim;Não;Não;Não;Não;Não;Não;Não;Não;Sim;;https://www.planalto.gov.br/ccivil_03/leis/lcp/lcp214.htm#art103;3 - Receita Bruta Exportação Direta;"Art. 183. Ficam reduzidas a zero as alíquotas da CBS incidentes sobre os serviços de transporte:
I - dos bens de que tratam os art. 179 e art. 180 até as zonas de processamento de exportação; e
II - dos bens exportados a partir das zonas de processamento de exportação.";"Art. 183. Ficam reduzidas a zero as alíquotas do IBS incidentes sobre os serviços de transporte:
I - dos bens de que tratam os arts. 179 e 180 até as zonas de processamento de exportação; e
II - dos bens exportados a partir das zonas de processamento de exportação."
200;Alíquota reduzida;Sim;Não;Sim;Não;Não;Não;Não;Não;200002;Fornecimento ou importação de tratores, máquinas e implementos agrícolas, destinados a produtor rural não contribuinte, e de veículos de transporte de carga destinados a transportador autônomo de carga pessoa física não contribuinte, observado o art. 110 da Lei Complementar nº 214, de 2025.;100;100;Não;Não;Não;Não;Não;Não;Não;2 - Padrão;Sim;Sim;Não;Não;Não;Não;Não;Não;Não;Não;Não;Não;Não;Não;Não;Não;Não;;https://www.planalto.gov.br/ccivil_03/leis/lcp/lcp214.htm#art110;1 - Receita Bruta Interna;"Art. 197. Ficam reduzidas a zero as alíquotas da CBS no fornecimento e na importação: 
I - de tratores, máquinas e implementos agrícolas, destinados a produtor rural não contribuinte de que trata o art. 239; e
II - de veículos de transporte de carga destinados a transportador autônomo de carga pessoa física não contribuinte de que trata o art. 250.
Parágrafo único. A redução de alíquotas de que trata:
I - o inciso I do caput se aplica aos bens relacionados na Tabela II do Anexo IV; e
II - o inciso II do caput se aplica aos bens relacionados na Tabela III do Anexo IV.";"Art. 197. Ficam reduzidas a zero as alíquotas do IBS no fornecimento e na importação:
I - de tratores, máquinas e implementos agrícolas, destinados a produtor rural não contribuinte de que trata o art. 239; e
II - de veículos de transporte de carga destinados a transportador autônomo de carga pessoa física não contribuinte de que trata o art. 250.
Parágrafo único. A redução de alíquotas de que trata:
I - o inciso I do caput deste artigo se aplica aos bens relacionados na Tabela II do Anexo IV;
II - o inciso II do caput deste artigo se aplica aos bens relacionados na Tabela III do Anexo IV"
200;Alíquota reduzida;Sim;Não;Sim;Não;Não;Não;Não;Não;200003;Vendas de produtos destinados à alimentação humana relacionados no Anexo I da Lei Complementar nº 214, de 2025, com a especificação das respectivas classificações da NCM/SH, que compõem a Cesta Básica Nacional de Alimentos, criada nos termos do art. 8º da Emenda Constitucional nº 132, de 20 de dezembro de 2023, observado o art. 125 da Lei Complementar nº 214, de 2025.;100;100;Não;Não;Não;Não;Não;Não;Não;2 - Padrão;Sim;Sim;Não;Não;Não;Não;Não;Não;Não;Não;Não;Não;Não;Não;Não;Não;Não;1;https://www.planalto.gov.br/ccivil_03/leis/lcp/lcp214.htm#art125;1 - Receita Bruta Interna;Art. 199. Fica reduzida a zero a alíquota da CBS incidente sobre as vendas de produtos destinados à alimentação humana relacionados no Anexo I da Lei Complementar nº 214, de 16 de janeiro de 2025, com a especificação das respectivas classificações da NCM/SH, que compõem a Cesta Básica Nacional de Alimentos, criada nos termos do art. 8º da Emenda Constitucional nº 132, de 20 de dezembro de 2023.;Art. 199. Fica reduzida a zero a alíquota do IBS incidente sobre as vendas de produtos destinados à alimentação humana relacionados no Anexo I da Lei Complementar nº 214, de 2025, com a especificação das respectivas classificações da NCM/SH, que compõem a Cesta Básica Nacional de Alimentos, criada nos termos do art. 8º da Emenda Constitucional nº 132, de 20 de dezembro de 2023.
200;Alíquota reduzida;Sim;Não;Sim;Não;Não;Não;Não;Não;200004;Fornecimento de dispositivos médicos com a especificação das respectivas classificações da NCM/SH previstas no Anexo XII da Lei Complementar nº 214, de 2025, observado o art. 144 da Lei Complementar nº 214, de 2025.;100;100;Não;Não;Não;Não;Não;Não;Não;2 - Padrão;Sim;Sim;Não;Não;Não;Não;Não;Sim;Não;Não;Não;Não;Não;Não;Não;Não;Não;12;https://www.planalto.gov.br/ccivil_03/leis/lcp/lcp214.htm#art144;1 - Receita Bruta Interna;"Art. 220. Ficam reduzidas a zero as alíquotas da CBS incidentes sobre o fornecimento dos dispositivos médicos relacionados: 
I - no Anexo XII da Lei Complementar nº 214, de 16 de janeiro de 2025, com a especificação das respectivas classificações da NCM/SH; ";"Art. 220. Ficam reduzidas a zero as alíquotas do IBS incidentes sobre o fornecimento dos dispositivos médicos relacionados:
I - no Anexo XII da Lei Complementar nº 214, de 2025, com a especificação das respectivas classificações da NCM/SH;"
200;Alíquota reduzida;Sim;Não;Sim;Não;Não;Não;Não;Não;200005;Fornecimento de dispositivos médicos com a especificação das respectivas classificações da NCM/SH previstas no Anexo IV da Lei Complementar nº 214, de 2025, quando adquiridos por órgãos da administração pública direta, autarquias, fundações públicas e entidades de saúde imunes, observado o art. 144 da Lei Complementar nº 214, de 2025.;100;100;Não;Não;Não;Não;Não;Não;Não;2 - Padrão;Sim;Não;Não;Não;Não;Não;Não;Sim;Não;Não;Não;Não;Não;Não;Não;Não;Não;4;https://www.planalto.gov.br/ccivil_03/leis/lcp/lcp214.htm#art144;1 - Receita Bruta Interna;"Art. 220. Ficam reduzidas a zero as alíquotas da CBS incidentes sobre o fornecimento dos dispositivos médicos relacionados:
II - no Anexo IV da Lei Complementar nº 214, de 16 de janeiro de 2025, com a especificação das respectivas classificações da NCM/SH, caso adquiridos por:
a) órgãos da administração pública direta, autarquias e fundações públicas; e
b) as entidades de saúde imunes à CBS que possuam Certificação de Entidade Beneficente de Assistência Social (CEBAS) por comprovarem a prestação de serviços ao SUS, nos termos dos art. 9º a art. 11 da Lei Complementar nº 187, de 16 de dezembro de 2021.";"Art. 220. Ficam reduzidas a zero as alíquotas do IBS incidentes sobre o fornecimento dos dispositivos médicos relacionados: (Art. 144 da LC 214/2025)
II - no Anexo IV da Lei Complementar nº 214, de 2025, com a especificação das respectivas classificações da NCM/SH, caso adquiridos por:
a) órgãos da administração pública direta, autarquias e fundações públicas; e
b) as entidades de saúde imunes ao IBS que possuam Certificação de Entidade Beneficente de Assistência Social (CEBAS) por comprovarem a prestação de serviços ao SUS, nos termos dos arts. 9º a 11 da Lei Complementar nº 187, de 16 de dezembro de 2021."
200;Alíquota reduzida;Sim;Não;Sim;Não;Não;Não;Não;Não;200006;Situação de emergência de saúde pública reconhecida pelo Poder Legislativo federal, estadual, distrital ou municipal competente, ato conjunto do Ministro da Fazenda e do Comitê Gestor do IBS poderá ser editado, a qualquer momento, para incluir dispositivos não listados no Anexo XII da Lei Complementar nº 214, de 2025, limitada a vigência do benefício ao período e à localidade da emergência de saúde pública, observado o art. 144 da Lei Complementar nº 214, de 2025.;100;100;Não;Não;Não;Não;Não;Não;Não;2 - Padrão;Sim;Sim;Não;Não;Não;Não;Não;Sim;Não;Não;Não;Não;Não;Não;Não;Não;Não;;https://www.planalto.gov.br/ccivil_03/leis/lcp/lcp214.htm#art144;1 - Receita Bruta Interna;"Art. 220. Ficam reduzidas a zero as alíquotas da CBS incidentes sobre o fornecimento dos dispositivos médicos relacionados:
§ 3º Em caso de emergência de saúde pública reconhecida pelo Poder Legislativo federal, estadual, distrital ou municipal competente, ato conjunto do Ministro de Estado da Fazenda e do CGIBS poderá ser editado, a qualquer momento, para incluir dispositivos não listados no Anexo XII da Lei Complementar nº 214, de 16 de janeiro de 2025, limitada a vigência do benefício ao período e à localidade da emergência de saúde pública.";"Art. 220. Ficam reduzidas a zero as alíquotas do IBS incidentes sobre o fornecimento dos dispositivos médicos relacionados:
§ 3º Em caso de emergência de saúde pública reconhecida pelo Poder Legislativo federal, estadual, distrital ou municipal competente, ato conjunto do Ministro de Estado da Fazenda e do CGIBS poderá ser editado, a qualquer momento, para incluir dispositivos não listados no Anexo XII da Lei Complementar nº 214, de 2025, limitada a vigência do benefício ao período e à localidade da emergência de saúde pública."
200;Alíquota reduzida;Sim;Não;Sim;Não;Não;Não;Não;Não;200007;Fornecimento dos dispositivos de acessibilidade próprios para pessoas com deficiência relacionados no Anexo XIII da Lei Complementar nº 214, de 2025, com a especificação das respectivas classificações da NCM/SH, observado o art. 145 da Lei Complementar nº 214, de 2025.;100;100;Não;Não;Não;Não;Não;Não;Não;2 - Padrão;Sim;Sim;Não;Não;Não;Não;Não;Sim;Não;Não;Não;Não;Não;Não;Não;Não;Não;13;https://www.planalto.gov.br/ccivil_03/leis/lcp/lcp214.htm#art145;1 - Receita Bruta Interna;"Art. 221. Ficam reduzidas a zero as alíquotas da CBS incidentes sobre o fornecimento dos dispositivos de acessibilidade próprios para pessoas com deficiência relacionados:
I - no Anexo XIII da Lei Complementar nº 214, de 16 de janeiro de 2025, com a especificação das respectivas classificações da NCM/SH;";"Art. 221. Ficam reduzidas a zero as alíquotas do IBS incidentes sobre o fornecimento dos dispositivos de acessibilidade próprios para pessoas com deficiência relacionados: 
I - no Anexo XIII da Lei Complementar nº 214, de 2025, com a especificação das respectivas classificações da NCM/SH;"
200;Alíquota reduzida;Sim;Não;Sim;Não;Não;Não;Não;Não;200008;Fornecimento dos dispositivos de acessibilidade próprios para pessoas com deficiência relacionados no Anexo V da Lei Complementar nº 214, de 2025, com a especificação das respectivas classificações da NCM/SH, quando adquiridos por órgãos da administração pública direta, autarquias, fundações públicas e entidades imunes, observado o art. 145 da Lei Complementar nº 214, de 2025.;100;100;Não;Não;Não;Não;Não;Não;Não;2 - Padrão;Sim;Não;Não;Não;Não;Não;Não;Sim;Não;Não;Não;Não;Não;Não;Não;Não;Não;5;https://www.planalto.gov.br/ccivil_03/leis/lcp/lcp214.htm#art145;1 - Receita Bruta Interna;"Art. 221. Ficam reduzidas a zero as alíquotas da CBS incidentes sobre o fornecimento dos dispositivos de acessibilidade próprios para pessoas com deficiência relacionados:
II - no Anexo V da Lei Complementar nº 214, de 16 de janeiro de 2025, com a especificação das respectivas classificações da NCM/SH, quando adquiridos por:
a) órgãos da administração pública direta, autarquias e fundações públicas; e
b) as entidades de saúde imunes à CBS que possuam CEBAS por comprovarem a prestação de serviços ao SUS, nos termos dos art. 9º a art. 11 da Lei Complementar nº 187, de 16 de dezembro de 2021.";"Art. 221. Ficam reduzidas a zero as alíquotas do IBS incidentes sobre o fornecimento dos dispositivos de acessibilidade próprios para pessoas com deficiência relacionados: 
II - no Anexo V da Lei Complementar nº 214, de 2025, com a especificação das respectivas classificações da NCM/SH, quando adquiridos por:
a) órgãos da administração pública direta, autarquias e fundações públicas; e
b) as entidades de saúde imunes ao IBS que possuam CEBAS por comprovarem a prestação de serviços ao SUS, nos termos dos arts. 9º a 11 da Lei Complementar nº 187, de 16 de dezembro de 2021."
200;Alíquota reduzida;Sim;Não;Sim;Não;Não;Não;Não;Não;200009;Fornecimento dos medicamentos registrados na Anvisa, observado o art. 146 da Lei Complementar nº 214, de 2025.;100;100;Não;Não;Não;Não;Não;Não;Não;2 - Padrão;Sim;Sim;Não;Não;Não;Não;Não;Não;Não;Não;Não;Não;Não;Não;Não;Sim;Não;;https://www.planalto.gov.br/ccivil_03/leis/lcp/lcp214.htm#art146;1 - Receita Bruta Interna;"Art. 222. São reduzidas a zero as alíquotas da CBS sobre o fornecimento dos medicamentos registrados na Anvisa, desde que destinados, de acordo com o registro sanitário, a: 
I - doenças raras;
II - doenças negligenciadas;
III - oncologia;
IV - diabetes;
V - HIV/aids e outras infecções sexualmente transmissíveis (IST);
VI - doenças cardiovasculares; e
VII - Programa Farmácia Popular do Brasil ou equivalente.";"Art. 222. São reduzidas a zero as alíquotas do IBS sobre o fornecimento dos medicamentos registrados na Anvisa, desde que destinados, de acordo com o registro sanitário, a: 
I - doenças raras;
II - doenças negligenciadas;
III - oncologia;
IV - diabetes;
V - HIV/aids e outras infecções sexualmente transmissíveis (IST);
VI - doenças cardiovasculares; e
VII - Programa Farmácia Popular do Brasil ou equivalente."
200;Alíquota reduzida;Sim;Não;Sim;Não;Não;Não;Não;Não;200010;Fornecimento dos medicamentos registrados na Anvisa, quando adquiridos por órgãos da administração pública direta, autarquias, fundações públicas e entidades imunes, observado o art. 146 da Lei Complementar nº 214, de 2025.;100;100;Não;Não;Não;Não;Não;Não;Não;2 - Padrão;Sim;Sim;Não;Não;Não;Não;Não;Não;Não;Não;Não;Não;Não;Não;Não;Não;Não;;https://www.planalto.gov.br/ccivil_03/leis/lcp/lcp214.htm#art146;1 - Receita Bruta Interna;"Art. 222.
§ 1º São também reduzidas a zero as alíquotas do IBS sobre o fornecimento de medicamentos registrados na Anvisa quando:
I - adquiridos por órgãos da administração pública direta, por autarquias e por fundações públicas;
II - adquiridos por entidades de saúde imunes ao IBS que possuam CEBAS por comprovarem a prestação de serviços ao SUS, nos termos dos arts. 9º a 11 da Lei Complementar nº 187, de 16 de dezembro de 2021; ";"Art. 222.
§ 1º São também reduzidas a zero as alíquotas do IBS sobre o fornecimento de medicamentos registrados na Anvisa quando:
I - adquiridos por órgãos da administração pública direta, por autarquias e por fundações públicas;
II - adquiridos por entidades de saúde imunes ao IBS que possuam CEBAS por comprovarem a prestação de serviços ao SUS, nos termos dos arts. 9º a 11 da Lei Complementar nº 187, de 16 de dezembro de 2021;"
200;Alíquota reduzida;Sim;Não;Sim;Não;Não;Não;Não;Não;200011;Fornecimento das composições para nutrição enteral e parenteral, composições especiais e fórmulas nutricionais destinadas às pessoas com erros inatos do metabolismo relacionadas no Anexo VI da Lei Complementar nº 214, de 2025, com a especificação das respectivas classificações da NCM/SH, quando adquiridas por órgãos da administração pública direta, autarquias e fundações públicas, observado o art. 146 da Lei Complementar nº 214, de 2025.;100;100;Não;Não;Não;Não;Não;Não;Não;2 - Padrão;Sim;Não;Não;Não;Não;Não;Não;Não;Não;Não;Não;Não;Não;Não;Não;Não;Não;6;https://www.planalto.gov.br/ccivil_03/leis/lcp/lcp214.htm#art146;1 - Receita Bruta Interna;"Art. 222.
§ 2º A redução de alíquotas de que trata o caput aplica-se também ao fornecimento de composições para nutrição enteral e parenteral, composições especiais e fórmulas nutricionais destinadas às pessoas com erros inatos do metabolismo relacionadas no Anexo VI da Lei Complementar nº 214, de 16 de janeiro de 2025, com a especificação das respectivas classificações da NCM/SH, quando adquiridas por órgãos e entidades mencionados nos incisos I e II do § 1º.";"Art. 222.
§ 2º A redução de alíquotas de que trata o caput deste artigo aplica-se também ao fornecimento de composições para nutrição enteral e parenteral, composições especiais e fórmulas nutricionais destinadas às pessoas com erros inatos do metabolismo relacionadas no Anexo VI da Lei Complementar nº 214, de 2025, com a especificação das respectivas classificações da NCM/SH, quando adquiridas por órgãos e entidades mencionados nos incisos I e II do § 1º"
200;Alíquota reduzida;Sim;Não;Sim;Não;Não;Não;Não;Não;200012;Situação de emergência de saúde pública reconhecida pelo Poder Legislativo federal, estadual, distrital ou municipal competente, ato conjunto do Ministro da Fazenda e do Comitê Gestor do IBS poderá ser editado, a qualquer momento, limitada a vigência do benefício ao período e à localidade da emergência de saúde pública, observado o art. 146 da Lei Complementar nº 214, de 2025.;100;100;Não;Não;Não;Não;Não;Não;Não;2 - Padrão;Sim;Sim;Não;Não;Não;Não;Não;Não;Não;Não;Não;Não;Não;Não;Não;Sim;Não;;https://www.planalto.gov.br/ccivil_03/leis/lcp/lcp214.htm#art146;1 - Receita Bruta Interna;"Art. 222.
§ 4º Em caso de emergência de saúde pública reconhecida pelo Poder Legislativo federal, estadual, distrital ou municipal competente, ato conjunto do Ministro de Estado da Fazenda, do Ministério da Saúde e do CGIBS poderá ser editado, a qualquer momento, tão somente para incluir medicamentos e linhas de cuidado não contemplados na redução de alíquota a que se refere este artigo, limitada a vigência do benefício ao período da respectiva emergência de saúde pública.";"Art. 222.
§ 4º Em caso de emergência de saúde pública reconhecida pelo Poder Legislativo federal, estadual, distrital ou municipal competente, ato conjunto do Ministro da Fazenda, do Ministério da Saúde e do CGIBS poderá ser editado, a qualquer momento, tão somente para incluir medicamentos e linhas de cuidado não contemplados na redução de alíquota a que se refere este artigo, limitada a vigência do benefício ao período da respectiva emergência de saúde pública."
200;Alíquota reduzida;Sim;Não;Sim;Não;Não;Não;Não;Não;200013;Fornecimento de tampões higiênicos, absorventes higiênicos internos ou externos, descartáveis ou reutilizáveis, calcinhas absorventes e coletores menstruais, observado o art. 147 da Lei Complementar nº 214, de 2025.;100;100;Não;Não;Não;Não;Não;Não;Não;2 - Padrão;Sim;Sim;Não;Não;Não;Não;Não;Não;Não;Não;Não;Não;Não;Não;Não;Não;Não;91471;https://www.planalto.gov.br/ccivil_03/leis/lcp/lcp214.htm#art147;1 - Receita Bruta Interna;"Art. 223. Ficam reduzidas a zero as alíquotas da CBS incidentes sobre o fornecimento dos seguintes produtos de cuidados básicos à saúde menstrual:
I - tampões higiênicos classificados no código 9619.00.00 da NCM/SH;
II - absorventes higiênicos internos ou externos, descartáveis ou reutilizáveis, e calcinhas absorventes classificados no código 9619.00.00 da NCM/SH; e
III - coletores menstruais classificados no código 9619.00.00 da NCM/SH.";"Art. 223. Ficam reduzidas a zero as alíquotas do IBS incidentes sobre o fornecimento dos seguintes produtos de cuidados básicos à saúde menstrual:
I - tampões higiênicos classificados no código 9619.00.00 da NCM/SH;
II - absorventes higiênicos internos ou externos, descartáveis ou reutilizáveis, e calcinhas absorventes classificados no código 9619.00.00 da NCM/SH; e
III - coletores menstruais classificados no código 9619.00.00 da NCM/SH."
200;Alíquota reduzida;Sim;Não;Sim;Não;Não;Não;Não;Não;200014;Fornecimento dos produtos hortícolas, frutas e ovos, relacionados no Anexo XV da Lei Complementar nº 214 , de 2025, com a especificação das respectivas classificações da NCM/SH e desde que não cozidos, observado o art. 148 da Lei Complementar nº 214, de 2025.;100;100;Não;Não;Não;Não;Não;Não;Não;2 - Padrão;Sim;Sim;Não;Não;Não;Não;Não;Não;Não;Não;Não;Não;Não;Não;Não;Não;Não;15;https://www.planalto.gov.br/ccivil_03/leis/lcp/lcp214.htm#art148;1 - Receita Bruta Interna;Art. 224. Ficam reduzidas a zero as alíquotas da CBS incidentes sobre o fornecimento dos produtos hortícolas, frutas e ovos relacionados no Anexo XV da Lei Complementar nº 214, de 16 de janeiro de 2025, com a especificação das respectivas classificações da NCM/SH. ;Art. 224. Ficam reduzidas a zero as alíquotas do IBS incidentes sobre o fornecimento dos produtos hortícolas, frutas e ovos relacionados no Anexo XV da Lei Complementar nº 214, de 2025, com a especificação das respectivas classificações da NCM/SH.
200;Alíquota reduzida;Sim;Não;Sim;Não;Não;Não;Não;Não;200015;Venda de automóveis de passageiros de fabricação nacional de, no mínimo, 4 (quatro) portas, inclusive a de acesso ao bagageiro, quando adquiridos por motoristas profissionais que exerçam, comprovadamente, em automóvel de sua propriedade, atividade de condutor autônomo de passageiros, na condição de titular de autorização, permissão ou concessão do poder público, e que destinem o automóvel à utilização na categoria de aluguel (táxi), ou por pessoas com deficiência física, visual, auditiva, deficiência mental severa ou profunda, transtorno do espectro autista, com prejuízos na comunicação social e em padrões restritos ou repetitivos de comportamento de nível moderado ou grave, nos termos da legislação relativa à matéria, observado o disposto no art. 149 da Lei Complementar nº 214, de 2025.;100;100;Não;Não;Não;Não;Não;Não;Não;2 - Padrão;Sim;Sim;Não;Não;Não;Não;Não;Não;Não;Não;Não;Não;Não;Não;Não;Não;Sim;;https://www.planalto.gov.br/ccivil_03/leis/lcp/lcp214.htm#art149;1 - Receita Bruta Interna;Art. 225. Ficam reduzidas a zero as alíquotas da CBS incidentes sobre a venda de automóveis de passageiros de fabricação nacional de, no mínimo, quatro portas, inclusive a de acesso ao bagageiro, quando adquiridos por:;Art. 225. Ficam reduzidas a zero as alíquotas do IBS incidentes sobre a venda de automóveis de passageiros de fabricação nacional de, no mínimo, 4 (quatro) portas, inclusive a de acesso ao bagageiro, quando adquiridos por:
200;Alíquota reduzida;Sim;Não;Sim;Não;Não;Não;Não;Não;200016;Prestação de serviços de pesquisa e desenvolvimento por Instituição Científica, Tecnológica e de Inovação (ICT) sem fins lucrativos para a administração pública direta, autarquias e fundações públicas ou para o contribuinte sujeito ao regime regular do IBS e da CBS, observado o disposto no art. 156  da Lei Complementar nº 214, de 2025.;100;100;Não;Não;Não;Não;Não;Não;Não;2 - Padrão;Não;Não;Não;Não;Não;Não;Não;Sim;Não;Não;Não;Não;Não;Não;Não;Não;Sim;91561;https://www.planalto.gov.br/ccivil_03/leis/lcp/lcp214.htm#art156;9 - Fornecimento Incompatível com SN;"Art. 232. São reduzidas a zero as alíquotas da CBS incidentes sobre a prestação de serviços de pesquisa e desenvolvimento por Instituição Científica, Tecnológica e de Inovação – ICT sem fins lucrativos, bem como por fundações de apoio credenciadas na forma da lei, para: 
I - a administração pública direta, autarquias e fundações públicas; ou
II - contribuinte sujeito ao regime regular da CBS.";"Art. 232. São reduzidas a zero as alíquotas do IBS incidentes sobre a prestação de serviços de pesquisa e desenvolvimento por Instituição Científica, Tecnológica e de Inovação (ICT) sem fins lucrativos, bem como por fundações de apoio credenciadas na forma da lei, para: 
I - a administração pública direta, autarquias e fundações públicas; ou
II - contribuinte sujeito ao regime regular do IBS e da CBS."
200;Alíquota reduzida;Sim;Não;Sim;Não;Não;Não;Não;Não;200017;Operações relacionadas ao FGTS, considerando aquelas necessárias à aplicação da Lei nº 8.036, de 1990, realizadas pelo Conselho Curador ou Secretaria Executiva do FGTS, observado o art. 212 da Lei Complementar nº 214, de 2025.;100;100;Não;Não;Não;Não;Não;Não;Não;2 - Padrão;Não;Não;Não;Não;Não;Não;Não;Sim;Não;Não;Não;Não;Não;Não;Sim;Não;Sim;;https://www.planalto.gov.br/ccivil_03/leis/lcp/lcp214.htm#art212;9 - Fornecimento Incompatível com SN;"Art. 482. Observado o disposto no art. 308, ficam sujeitas ao disposto nesta Seção as operações relacionadas ao FGTS, assim entendidas aquelas necessárias à aplicação da Lei nº 8.036, de 11 de maio de 1990, realizadas:
I - pelo agente operador do FGTS;
Art. 483. A alíquota da CBS incidente sobre as operações de que trata o art. 482 será: 
I - zero, para as operações previstas no art. 482, caput, inciso I;";"Art. 481. Observado o disposto no art. 308, ficam sujeitas ao disposto nesta Seção as operações relacionadas ao FGTS, assim entendidas aquelas necessárias à aplicação da Lei nº 8.036, de 11 de maio de 1990, realizadas:
I - pelo agente operador do FGTS;
Art. 482. A alíquota do IBS incidente sobre as operações de que trata o art. 481 será: 
I - para as operações previstas no inciso I, zero;"
200;Alíquota reduzida;Sim;Não;Sim;Não;Não;Não;Não;Não;200018;Operações de resseguro e retrocessão ficam sujeitas à incidência à alíquota zero, inclusive quando os prêmios de resseguro e retrocessão forem cedidos ao exterior, observado o art. 223 da Lei Complementar nº 214, de 2025.;100;100;Não;Não;Não;Não;Não;Não;Não;2 - Padrão;Não;Não;Não;Não;Não;Não;Não;Não;Não;Não;Não;Não;Não;Não;Sim;Não;Sim;;https://www.planalto.gov.br/ccivil_03/leis/lcp/lcp214.htm#art223;9 - Fornecimento Incompatível com SN;Art. 322. As operações de resseguro e retrocessão, de que trata o art. 269, caput, inciso XII, ficam sujeitas à alíquota zero, inclusive quando os prêmios de resseguro e retrocessão forem cedidos ao exterior.;Art. 322. As operações de resseguro e retrocessão, de que trata o inciso XII do art. 269, ficam sujeitas à alíquota zero, inclusive quando os prêmios de resseguro e retrocessão forem cedidos ao exterior. 
200;Alíquota reduzida;Sim;Não;Sim;Não;Não;Não;Não;Não;200019;Importador dos serviços financeiros que seja contribuinte e tenha direito de apropriação de créditos na aquisição do mesmo serviço financeiro no País, observado o art. 231 da Lei Complementar nº 214, de 2025.;100;100;Não;Não;Não;Não;Não;Não;Não;2 - Padrão;Não;Não;Não;Não;Não;Não;Não;Sim;Não;Não;Não;Não;Não;Não;Sim;Não;Sim;;https://www.planalto.gov.br/ccivil_03/leis/lcp/lcp214.htm#art231;0 - Não Receita Bruta;"Art. 328. Os serviços financeiros de que trata o art. 269, quando forem considerados importados, nos termos da Seção II do Capítulo III do Título I deste Livro, ficam sujeitos à incidência da CBS pela mesma alíquota aplicável aos respectivos serviços financeiros adquiridos de fornecedores domiciliados no País.
§ 1º Na importação de serviços financeiros:
II - nas hipóteses em que o importador dos serviços financeiros seja contribuinte da CBS sujeito ao regime regular e tenha direito de apropriação de crédito na aquisição do mesmo serviço financeiro no País, de acordo com o disposto neste Capítulo, será aplicada alíquota zero na importação e não serão apropriados créditos da CBS;";"Art. 328. Os serviços financeiros de que trata o art. 269, quando forem considerados importados, nos termos da Seção II do Capítulo III do Título I deste Livro, ficam sujeitos à incidência do IBS pela mesma alíquota aplicável aos respectivos serviços financeiros adquiridos de fornecedores domiciliados no País. 
§ 1º Na importação de serviços financeiros:
II - nas hipóteses em que o importador dos serviços financeiros seja contribuinte do IBS sujeito ao regime regular e tenha direito de apropriação de crédito na aquisição do mesmo serviço financeiro no País, de acordo com o disposto neste Capítulo, será aplicada alíquota zero na importação, e não serão apropriados créditos do IBS;"
200;Alíquota reduzida;Sim;Não;Sim;Não;Não;Não;Não;Não;200020;Operação praticada por sociedades cooperativas optantes por regime específico do IBS e CBS, quando o associado destinar bem ou serviço à cooperativa de que participa, e a cooperativa fornecer bem ou serviço ao associado sujeito ao regime regular do IBS e da CBS, observado o art. 271 da Lei Complementar nº 214, de 2025.;100;100;Não;Não;Não;Não;Não;Não;Não;2 - Padrão;Sim;Sim;Sim;Não;Não;Sim;Não;Sim;Não;Não;Não;Não;Não;Não;Não;Não;Sim;;https://www.planalto.gov.br/ccivil_03/leis/lcp/lcp214.htm#art271;1 - Receita Bruta Interna;"Art. 391. As sociedades cooperativas poderão optar por regime específico da CBS no qual, nos termos do disposto neste Capítulo, ficam reduzidas a zero as alíquotas do tributo incidente na operação em que:
I - o associado fornece bem ou serviço à cooperativa de que participa; e
II - a cooperativa fornece bem ou serviço a associado sujeito ao regime regular da CBS.
§ 1º O disposto no inciso II do caput aplica-se também ao fornecimento, pelas cooperativas, de serviços financeiros a seus associados, inclusive cobrados mediante tarifas e comissões.
§ 2º O disposto no caput aplica-se também:
I - às operações realizadas entre cooperativas singulares, centrais, federações, confederações, quando associadas entre si, e às originárias dos seus respectivos bancos cooperativos de que as cooperativas participam; ";"Art. 391. As sociedades cooperativas poderão optar por regime específico do IBS no qual, nos termos do disposto neste Capítulo, ficam reduzidas a zero as alíquotas do tributo incidente na operação em que:
I - o associado fornece bem ou serviço à cooperativa de que participa; e
II - a cooperativa fornece bem ou serviço a associado sujeito ao regime regular do IBS.
§ 1º O disposto no inciso II do caput deste artigo aplica-se também ao fornecimento, pelas cooperativas, de serviços financeiros a seus associados, inclusive cobrados mediante tarifas e comissões.
§ 2º O disposto no caput deste artigo aplica-se também:
I - às operações realizadas entre cooperativas singulares, centrais, federações, confederações, quando associadas entre si, e às originárias dos seus respectivos bancos cooperativos de que as cooperativas participam; "
200;Alíquota reduzida;Sim;Não;Sim;Não;Não;Não;Não;Não;200021;Serviços de transporte público coletivo de passageiros ferroviário e hidroviário urbanos, semiurbanos e metropolitanos, observado o art. 285 da Lei Complementar nº 214, de 2025.;100;100;Não;Não;Não;Não;Não;Não;Não;2 - Padrão;Não;Não;Não;Não;Não;Não;Não;Sim;Sim;Não;Não;Não;Não;Não;Não;Não;Sim;;https://www.planalto.gov.br/ccivil_03/leis/lcp/lcp214.htm#art285;1 - Receita Bruta Interna;"Art. 416. As alíquotas da CBS relativas às operações de que trata esta Seção ficam reduzidas na seguinte forma: 
II - em 100% (cem por cento) para serviço de transporte público coletivo de passageiros ferroviário e hidroviário de caráter urbano, semiurbano e metropolitano.";"Art. 416. As alíquotas do IBS relativas às operações de que trata esta Seção ficam reduzidas na seguinte forma: 
II - em 100% (cem por cento) para serviço de transporte público coletivo de passageiros ferroviário e hidroviário de caráter urbano, semiurbano e metropolitano."
200;Alíquota reduzida;Sim;Não;Sim;Não;Não;Não;Não;Não;200022;Operação originada fora da Zona Franca de Manaus que destine bem material industrializado de origem nacional a contribuinte estabelecido na Zona Franca de Manaus que seja habilitado nos termos do art. 442 da Lei Complementar nº 214, de 2025, e sujeito ao regime regular do IBS e da CBS ou optante pelo regime do Simples Nacional de que trata o art. 12 da Lei Complementar nº 123, de 2006, observado o art. 445 da Lei Complementar nº 214, de 2025.;100;100;Sim;Não;Não;Não;Não;Não;Não;2 - Padrão;Sim;Não;Não;Não;Não;Não;Não;Não;Não;Não;Não;Não;Não;Não;Não;Não;Sim;;https://www.planalto.gov.br/ccivil_03/leis/lcp/lcp214.htm#art445;1 - Receita Bruta Interna;Art. 529. Fica reduzida a zero a alíquota da CBS incidente sobre operação originada fora da Zona Franca de Manaus, inclusive a procedente de área de livre comércio, que destine bem material industrializado de origem nacional a contribuinte estabelecido na Zona Franca de Manaus que seja: ;Art. 516. Ficam reduzidas a zero as alíquotas do IBS incidentes sobre operação originada fora da Zona Franca de Manaus, inclusive a procedente de Área de Livre Comércio, que destine bem material industrializado de origem nacional a contribuinte estabelecido na Zona Franca de Manaus que seja:
200;Alíquota reduzida;Sim;Não;Sim;Não;Não;Não;Não;Não;200023;Operação realizada por indústria incentivada que destine bem material intermediário para outra indústria incentivada na Zona Franca de Manaus, desde que a entrega ou disponibilização dos bens ocorra dentro da referida área, observado o art. 448 da Lei Complementar nº 214, de 2025.;100;100;Não;Não;Não;Não;Não;Não;Não;2 - Padrão;Sim;Não;Não;Não;Não;Não;Não;Não;Não;Não;Não;Não;Não;Não;Não;Não;Sim;;https://www.planalto.gov.br/ccivil_03/leis/lcp/lcp214.htm#art448;1 - Receita Bruta Interna;Art. 530. Fica reduzida a zero a alíquota da CBS incidente sobre operação realizada por indústria incentivada que destine bem material intermediário para outra indústria incentivada na Zona Franca de Manaus, desde que a entrega ou disponibilização dos bens ocorra dentro da referida área. ;Art. 519. Ficam reduzidas a zero as alíquotas do IBS incidentes sobre operação realizada por indústria incentivada que destine bem material intermediário para outra indústria incentivada na Zona Franca de Manaus, desde que a entrega ou disponibilização dos bens ocorra dentro da referida área.
200;Alíquota reduzida;Sim;Não;Sim;Não;Não;Não;Não;Não;200024;Operação originada fora das Áreas de Livre Comércio que destine bem material industrializado de origem nacional a contribuinte estabelecido nas Áreas de Livre Comércio que seja habilitado nos termos do art. 456 da Lei Complementar nº 214, de 2025, e sujeito ao regime regular do IBS e da CBS ou optante pelo regime do Simples Nacional de que trata o art. 12 da Lei Complementar nº 123, de 2006, observado o art. 463 da Lei Complementar nº 214, de 2025.;100;100;Sim;Não;Não;Não;Não;Não;Não;2 - Padrão;Sim;Não;Não;Não;Não;Não;Não;Não;Não;Não;Não;Não;Não;Não;Não;Não;Sim;;https://www.planalto.gov.br/ccivil_03/leis/lcp/lcp214.htm#art463;1 - Receita Bruta Interna;Art. 537. Fica reduzida a zero a alíquota da CBS incidente sobre operação originada fora da área de livre comércio, inclusive a procedente de outra área de livre comércio ou da Zona Franca de Manaus, que destine bem material industrializado de origem nacional a contribuinte estabelecido na área de livre comércio que seja:;Art. 527. Ficam reduzidas a zero as alíquotas do IBS incidentes sobre operação originada fora da Área de Livre Comércio, inclusive a procedente de outra Área de Livre Comércio ou da Zona Franca de Manaus, que destine bem material industrializado de origem nacional a contribuinte estabelecido na Área de Livre Comércio que seja:
200;Alíquota reduzida;Sim;Não;Sim;Não;Não;Não;Não;Não;200025;Fornecimento dos serviços de educação relacionados ao Programa Universidade para Todos (Prouni), instituído pela Lei nº 11.096, de 13 de janeiro de 2005, observado o art. 308 da Lei Complementar nº 214, de 2025.;60;100;Não;Não;Não;Não;Não;Não;Não;2 - Padrão;Não;Não;Não;Não;Não;Não;Não;Sim;Não;Não;Não;Não;Não;Não;Não;Não;Sim;93081;https://www.planalto.gov.br/ccivil_03/leis/lcp/lcp214.htm#art308;1 - Receita Bruta Interna;Art. 517. Fica reduzida a zero a alíquota da CBS incidente sobre o fornecimento de serviços de educação de ensino superior por instituição privada de ensino, com ou sem fins lucrativos, durante o período de adesão e vinculação ao Programa Universidade para Todos – Prouni, instituído pela Lei nº 11.096, de 13 de janeiro de 2005.;
200;Alíquota reduzida;Sim;Não;Sim;Não;Não;Não;Não;Não;200026;Locação de imóveis localizados nas zonas reabilitadas, pelo prazo de 5 (cinco) anos, contado da data de expedição do habite-se, e relacionados a projetos de reabilitação urbana de zonas históricas e de áreas críticas de recuperação e reconversão urbanística dos Municípios ou do Distrito Federal, a serem delimitadas por lei municipal ou distrital, observado o art. 158 da Lei Complementar nº 214, de 2025.;80;80;Não;Não;Não;Não;Não;Não;Não;2 - Padrão;Não;Não;Não;Não;Não;Não;Não;Sim;Não;Não;Não;Não;Não;Não;Não;Não;Sim;91581;https://www.planalto.gov.br/ccivil_03/leis/lcp/lcp214.htm#art158;9 - Fornecimento Incompatível com SN;"Art. 234. Observado o disposto neste Capítulo, ficam reduzidas em 60% (sessenta por cento) as alíquotas da CBS sobre operações relacionadas a projetos de reabilitação urbana de zonas históricas e de áreas críticas de recuperação e reconversão urbanística dos Municípios ou do Distrito Federal, delimitadas por lei municipal ou distrital.
§ 3º Na hipótese de locação de imóveis prevista no art. 236, caput, inciso VI, a redução de alíquotas de que trata o caput deste artigo será de 80% (oitenta por cento).";"Art. 234. Observado o disposto neste Capítulo, ficam reduzidas em 60% (sessenta por cento) as alíquotas do IBS sobre operações relacionadas a projetos de reabilitação urbana de zonas históricas e de áreas críticas de recuperação e reconversão urbanística dos Municípios ou do Distrito Federal, delimitadas por lei municipal ou distrital. 
§ 3º Na hipótese de locação de imóveis prevista no inciso VI do caput do art. 236, a redução de alíquotas de que trata o caput deste artigo será de 80% (oitenta por cento)."
200;Alíquota reduzida;Sim;Não;Sim;Não;Não;Não;Não;Não;200027;Operações de locação, cessão onerosa e arrendamento de bens imóveis, observado o art. 261 da Lei Complementar nº 214, de 2025.;70;70;Não;Não;Não;Não;Não;Não;Não;2 - Padrão;Não;Não;Não;Não;Não;Não;Não;Sim;Não;Não;Não;Não;Não;Não;Não;Não;Sim;92611;https://www.planalto.gov.br/ccivil_03/leis/lcp/lcp214.htm#art261;1 - Receita Bruta Interna;"Art. 379. 
Parágrafo único. A alíquota da CBS relativa às operações de locação, cessão onerosa e arrendamento de bens imóveis fica reduzida em 70% (setenta por cento).";"Art. 379. 
Parágrafo único. A alíquota do IBS relativa às operações de locação, cessão onerosa e arrendamento de bens imóveis fica reduzida em 70% (setenta por cento)."
200;Alíquota reduzida;Sim;Não;Sim;Não;Não;Não;Não;Não;200028;Fornecimento dos serviços de educação relacionados no Anexo II da Lei Complementar nº 214, de 2025, com a especificação das respectivas classificações da Nomenclatura Brasileira de Serviços, Intangíveis e Outras Operações que Produzam Variações no Patrimônio (NBS), observado o art. 129 da Lei Complementar nº 214, de 2025.;60;60;Não;Não;Não;Não;Não;Não;Não;2 - Padrão;Não;Não;Não;Não;Não;Não;Não;Sim;Não;Não;Não;Não;Não;Não;Não;Não;Sim;2;https://www.planalto.gov.br/ccivil_03/leis/lcp/lcp214.htm#art129;1 - Receita Bruta Interna;Art. 204. Ficam reduzidas em 60% (sessenta por cento) as alíquotas da CBS incidentes sobre o fornecimento dos serviços de educação relacionados no Anexo II da Lei Complementar nº 214, de 16 de janeiro de 2025, com a especificação das respectivas classificações da NBS.;Art. 204. Ficam reduzidas em 60% (sessenta por cento) as alíquotas do IBS incidentes sobre o fornecimento dos serviços de educação relacionados no Anexo II da Lei Complementar nº 214, de 2025, com a especificação das respectivas classificações da NBS. 
200;Alíquota reduzida;Sim;Não;Sim;Não;Não;Não;Não;Não;200029;Fornecimento dos serviços de saúde humana relacionados no Anexo III da Lei Complementar nº 214, de 2025, com a especificação das respectivas classificações da NBS, observado o art. 130 da Lei Complementar nº 214, de 2025.;60;60;Não;Não;Não;Não;Não;Não;Não;2 - Padrão;Não;Não;Não;Não;Não;Não;Não;Sim;Não;Não;Não;Não;Não;Não;Não;Não;Sim;3;https://www.planalto.gov.br/ccivil_03/leis/lcp/lcp214.htm#art130;1 - Receita Bruta Interna;Art. 205. Ficam reduzidas em 60% (sessenta por cento) as alíquotas da CBS incidentes sobre o fornecimento dos serviços de saúde relacionados no Anexo III da Lei Complementar nº 214, de 16 de janeiro de 2025, com a especificação das respectivas classificações da NBS.;Art. 205. Ficam reduzidas em 60% (sessenta por cento) as alíquotas do IBS incidentes sobre o fornecimento dos serviços de saúde relacionados no Anexo III da Lei Complementar nº 214, de 2025, com a especificação das respectivas classificações da NBS. 
200;Alíquota reduzida;Sim;Não;Sim;Não;Não;Não;Não;Não;200030;Venda dos dispositivos médicos relacionados no Anexo IV da Lei Complementar nº 214, de 2025, com a especificação das respectivas classificações da NCM/SH, observado o art. 131 da Lei Complementar nº 214, de 2025.;60;60;Não;Não;Não;Não;Não;Não;Não;2 - Padrão;Sim;Sim;Não;Não;Não;Não;Não;Sim;Não;Não;Não;Não;Não;Não;Não;Não;Não;4;https://www.planalto.gov.br/ccivil_03/leis/lcp/lcp214.htm#art131;1 - Receita Bruta Interna;Art. 206. Ficam reduzidas em 60% (sessenta por cento) as alíquotas da CBS incidentes sobre o fornecimento dos dispositivos médicos relacionados no Anexo IV da Lei Complementar nº 214, de 16 de janeiro de 2025, com a especificação das respectivas classificações da NCM/SH. ;Art. 206. Ficam reduzidas em 60% (sessenta por cento) as alíquotas do IBS incidentes sobre o fornecimento dos dispositivos médicos relacionados no Anexo IV da Lei Complementar nº 214, de 2025, com a especificação das respectivas classificações da NCM/SH.
200;Alíquota reduzida;Sim;Não;Sim;Não;Não;Não;Não;Não;200031;Fornecimento dos dispositivos de acessibilidade próprios para pessoas com deficiência relacionados no Anexo V da Lei Complementar nº 214, de 2025, com a especificação das respectivas classificações da NCM/SH, observado o art. 132 da Lei Complementar nº 214, de 2025.;60;60;Não;Não;Não;Não;Não;Não;Não;2 - Padrão;Sim;Sim;Não;Não;Não;Não;Não;Sim;Não;Não;Não;Não;Não;Não;Não;Não;Não;5;https://www.planalto.gov.br/ccivil_03/leis/lcp/lcp214.htm#art132;1 - Receita Bruta Interna;Art. 207. Ficam reduzidas em 60% (sessenta por cento) as alíquotas da CBS incidentes sobre o fornecimento dos dispositivos de acessibilidade próprios para pessoas com deficiência relacionados no Anexo V da Lei Complementar nº 214, de 16 de janeiro de 2025, com a especificação das respectivas classificações da NCM/SH.;Art. 207. Ficam reduzidas em 60% (sessenta por cento) as alíquotas do IBS incidentes sobre o fornecimento dos dispositivos de acessibilidade próprios para pessoas com deficiência relacionados no Anexo V da Lei Complementar nº 214, de 2025, com a especificação das respectivas classificações da NCM/SH. 
200;Alíquota reduzida;Sim;Não;Sim;Não;Não;Não;Não;Não;200032;Fornecimento dos medicamentos registrados na Anvisa ou produzidos por farmácias de manipulação, ressalvados os medicamentos sujeitos à alíquota zero de que trata o art. 146 da Lei Complementar nº 214, de 2025, observado o art. 133 da Lei Complementar nº 214, de 2025.;60;60;Não;Não;Não;Não;Não;Não;Não;2 - Padrão;Sim;Sim;Não;Não;Não;Não;Não;Não;Não;Não;Não;Não;Não;Não;Não;Sim;Não;;https://www.planalto.gov.br/ccivil_03/leis/lcp/lcp214.htm#art133;1 - Receita Bruta Interna;Art. 208. Ficam reduzidas em 60% (sessenta por cento) as alíquotas da CBS incidentes sobre o fornecimento dos medicamentos registrados na Anvisa ou produzidos por farmácias de manipulação, ressalvados os medicamentos sujeitos à alíquota zero de que trata o art. 222.;Art. 208. Ficam reduzidas em 60% (sessenta por cento) as alíquotas do IBS incidentes sobre o fornecimento dos medicamentos registrados na Anvisa ou produzidos por farmácias de manipulação, ressalvados os medicamentos sujeitos à alíquota zero de que trata o art. 222.
200;Alíquota reduzida;Sim;Não;Sim;Não;Não;Não;Não;Não;200033;Fornecimento das composições para nutrição enteral e parenteral, composições especiais e fórmulas nutricionais destinadas às pessoas com erros inatos do metabolismo relacionadas no Anexo VI da Lei Complementar nº 214, de 2025, com a especificação das respectivas classificações da NCM/SH, observado o art. 133 da Lei Complementar nº 214, de 2025.;60;60;Não;Não;Não;Não;Não;Não;Não;2 - Padrão;Sim;Sim;Não;Não;Não;Não;Não;Não;Não;Não;Não;Não;Não;Não;Não;Sim;Não;6;https://www.planalto.gov.br/ccivil_03/leis/lcp/lcp214.htm#art133;1 - Receita Bruta Interna;"Art. 208.
§ 1º A redução de alíquotas prevista no caput aplica-se também às operações de fornecimento das composições para nutrição enteral e parenteral, composições especiais e fórmulas nutricionais destinadas às pessoas com erros inatos do metabolismo relacionadas no Anexo VI da Lei Complementar nº 214, de 16 de janeiro de 2025, com a especificação das respectivas classificações da NCM/SH.";"Art. 208.
§ 1º A redução de alíquotas prevista no caput deste artigo aplica-se também às operações de fornecimento das composições para nutrição enteral e parenteral, composições especiais e fórmulas nutricionais destinadas às pessoas com erros inatos do metabolismo relacionadas no Anexo VI da Lei Complementar nº 214, de 2025, com a especificação das respectivas classificações da NCM/SH."
200;Alíquota reduzida;Sim;Não;Sim;Não;Não;Não;Não;Não;200034;Fornecimento dos alimentos destinados ao consumo humano relacionados no Anexo VII da Lei Complementar nº 214, de 2025, com a especificação das respectivas classificações da NCM/SH, observado o art. 135 da Lei Complementar nº 214, de 2025.;60;60;Não;Não;Não;Não;Não;Não;Não;2 - Padrão;Sim;Sim;Não;Não;Não;Não;Não;Não;Não;Não;Não;Não;Não;Não;Não;Não;Não;7;https://www.planalto.gov.br/ccivil_03/leis/lcp/lcp214.htm#art135;1 - Receita Bruta Interna;Art. 210. Ficam reduzidas em 60% (sessenta por cento) as alíquotas da CBS incidentes sobre o fornecimento dos alimentos destinados ao consumo humano relacionados no Anexo VII da Lei Complementar nº 214, de 16 de janeiro de 2025, com a especificação das respectivas classificações da NCM/SH.;Art. 210. Ficam reduzidas em 60% (sessenta por cento) as alíquotas do IBS incidentes sobre o fornecimento dos alimentos destinados ao consumo humano relacionados no Anexo VII da Lei Complementar nº 214, de 2025, com a especificação das respectivas classificações da NCM/SH.
200;Alíquota reduzida;Sim;Não;Sim;Não;Não;Não;Não;Não;200035;Fornecimento dos produtos de higiene pessoal e limpeza relacionados no Anexo VIII da Lei Complementar nº 214, de 2025, com a especificação das respectivas classificações da NCM/SH, observado o art. 136 da Lei Complementar nº 214, de 2025.;60;60;Não;Não;Não;Não;Não;Não;Não;2 - Padrão;Sim;Sim;Não;Não;Não;Não;Não;Não;Não;Não;Não;Não;Não;Não;Não;Não;Não;8;https://www.planalto.gov.br/ccivil_03/leis/lcp/lcp214.htm#art136;1 - Receita Bruta Interna;Art. 211. Ficam reduzidas em 60% (sessenta por cento) as alíquotas da CBS incidentes sobre o fornecimento dos produtos de higiene pessoal e limpeza relacionados no Anexo VIII da Lei Complementar nº 214, de 16 de janeiro de 2025, com a especificação das respectivas classificações da NCM/SH. ;Art. 211. Ficam reduzidas em 60% (sessenta por cento) as alíquotas do IBS incidentes sobre o fornecimento dos produtos de higiene pessoal e limpeza relacionados no Anexo VIII da Lei Complementar nº 214, de 2025, com a especificação das respectivas classificações da NCM/SH.
200;Alíquota reduzida;Sim;Não;Sim;Não;Não;Não;Não;Não;200036;Fornecimento de produtos agropecuários, aquícolas, pesqueiros, florestais e extrativistas vegetais in natura, observado o art. 137 da Lei Complementar nº 214, de 2025.;60;60;Não;Não;Não;Não;Não;Não;Não;2 - Padrão;Sim;Sim;Não;Não;Não;Não;Não;Não;Não;Não;Não;Não;Não;Não;Não;Não;Não;;https://www.planalto.gov.br/ccivil_03/leis/lcp/lcp214.htm#art137;1 - Receita Bruta Interna;Art. 212. Ficam reduzidas em 60% (sessenta por cento) as alíquotas da CBS incidentes sobre o fornecimento de produtos agropecuários, aquícolas, pesqueiros, florestais e extrativistas vegetais, quando in natura.;Art. 212. Ficam reduzidas em 60% (sessenta por cento) as alíquotas do IBS incidentes sobre o fornecimento de produtos agropecuários, aquícolas, pesqueiros, florestais e extrativistas vegetais, quando in natura. 
200;Alíquota reduzida;Sim;Não;Sim;Não;Não;Não;Não;Não;200037;Fornecimento de serviços ambientais de conservação ou recuperação da vegetação nativa, mesmo que fornecidos sob a forma de manejo sustentável de sistemas agrícolas, agroflorestais e agrossilvopastoris, em conformidade com as definições e requisitos da legislação específica, observado o art. 137 da Lei Complementar nº 214, de 2025.;60;60;Não;Não;Não;Não;Não;Não;Não;2 - Padrão;Não;Não;Não;Não;Não;Não;Não;Sim;Não;Não;Não;Não;Não;Não;Não;Não;Sim;;https://www.planalto.gov.br/ccivil_03/leis/lcp/lcp214.htm#art137;1 - Receita Bruta Interna;"Art. 212.
§ 3º Para fins do disposto no caput, considera-se fornecimento de produto florestal inclusive o fornecimento dos serviços ambientais de conservação ou recuperação da vegetação nativa, mesmo que fornecidos sob a forma de manejo sustentável de sistemas agrícolas, agroflorestais e agrossilvopastoris, em conformidade com as definições e requisitos da legislação específica.";"Art. 212.
§ 3º Para fins do disposto no caput deste artigo, considera-se fornecimento de produto florestal inclusive o fornecimento dos serviços ambientais de conservação ou recuperação da vegetação nativa, mesmo que fornecidos sob a forma de manejo sustentável de sistemas agrícolas, agroflorestais e agrossilvopastoris, em conformidade com as definições e requisitos da legislação específica."
200;Alíquota reduzida;Sim;Não;Sim;Não;Não;Não;Não;Não;200038;Fornecimento dos insumos agropecuários e aquícolas relacionados no Anexo IX da Lei Complementar nº 214, de 2025, com a especificação das respectivas classificações da NCM/SH e da NBS, observado o art. 138 da Lei Complementar nº 214, de 2025.;60;60;Não;Não;Não;Não;Não;Não;Não;2 - Padrão;Sim;Sim;Não;Não;Não;Não;Não;Sim;Não;Não;Não;Não;Não;Não;Não;Não;Não;9;https://www.planalto.gov.br/ccivil_03/leis/lcp/lcp214.htm#art138;1 - Receita Bruta Interna;Art. 213. Ficam reduzidas em 60% (sessenta por cento) as alíquotas da CBS incidentes sobre o fornecimento dos insumos agropecuários e aquícolas relacionados no Anexo IX da Lei Complementar nº 214, de 16 de janeiro de 2025, com a especificação das respectivas classificações da NCM/SH e da NBS.;Art. 213. Ficam reduzidas em 60% (sessenta por cento) as alíquotas do IBS incidentes sobre o fornecimento dos insumos agropecuários e aquícolas relacionados no Anexo IX da Lei Complementar nº 214, de 2025, com a especificação das respectivas classificações da NCM/SH e da NBS.
200;Alíquota reduzida;Sim;Não;Sim;Não;Não;Não;Não;Não;200039;Fornecimento dos bens e serviços listados no Anexo X da Lei Complementar nº 214, de 2025, com a especificação das respectivas classificações da NCM/SH e NBS, nos casos relacionados com produções nacionais artísticas, culturais, de eventos, jornalísticas e audiovisuais, observado o art. 139 da Lei Complementar nº 214, de 2025.;60;60;Não;Não;Não;Não;Não;Não;Não;2 - Padrão;Sim;Não;Não;Não;Não;Não;Não;Sim;Não;Não;Não;Não;Não;Não;Não;Não;Não;10;https://www.planalto.gov.br/ccivil_03/leis/lcp/lcp214.htm#art139;1 - Receita Bruta Interna;Art. 215. Ficam reduzidas em 60% (sessenta por cento) as alíquotas da CBS incidentes sobre o fornecimento dos bens e serviços listados no Anexo X da Lei Complementar nº 214, de 16 de janeiro de 2025, com a especificação das respectivas classificações da NCM/SH e NBS, nos casos relacionados com as seguintes produções nacionais artísticas, culturais, de eventos, jornalísticas e audiovisuais:;Art. 215. Ficam reduzidas em 60% (sessenta por cento) as alíquotas do IBS incidentes sobre o fornecimento dos bens e serviços listados no Anexo X da Lei Complementar nº 214, de 2025, com a especificação das respectivas classificações da NCM/SH e NBS, nos casos relacionados com as seguintes produções nacionais artísticas, culturais, de eventos, jornalísticas e audiovisuais:
200;Alíquota reduzida;Sim;Não;Sim;Não;Não;Não;Não;Não;200040;Fornec dos seguintes serv de comunic instit à admin púb direta, autarq e fund púb: serviços direcionados ao planej, criação, programação e manutenção de páginas eletrônicas da admin pública, ao monitor e gestão de suas redes sociais e à otimização de páginas e canais digitais para mecanismos de buscas e produção de mensagens, infográficos, painéis interativos e conteúdo institucional, serviços de relações com a imprensa, que reúnem estrat org para promover e reforçar a comunicação dos órgãos e das entidades contratantes com seus públicos de interesse, por meio da interação com prof da imprensa, e serviços de relações públicas, que compreendem o esforço de comunic planej, coeso e contínuo que tem por obj estab adequada percepção da atuação e dos obj instituc, a partir do estímulo à compreensão mútua e da manut de padrões de relac e fluxos de inf entre os órgãos e as entidades contrat e seus públicos de interesse, no País e no exterior, obs o art. 140 da Lei Compl nº 214, de 2025;60;60;Não;Não;Não;Não;Não;Não;Não;2 - Padrão;Não;Não;Não;Não;Não;Não;Não;Sim;Não;Não;Não;Não;Não;Não;Não;Não;Sim;;https://www.planalto.gov.br/ccivil_03/leis/lcp/lcp214.htm#art140;1 - Receita Bruta Interna;Art. 216. Ficam reduzidas em 60% (sessenta por cento) as alíquotas da CBS incidentes sobre o fornecimento dos seguintes serviços de comunicação institucional à administração pública direta, autarquias e fundações públicas:;Art. 216. Ficam reduzidas em 60% (sessenta por cento) as alíquotas do IBS incidentes sobre o fornecimento dos seguintes serviços de comunicação institucional à administração pública direta, autarquias e fundações públicas: 
200;Alíquota reduzida;Sim;Não;Sim;Não;Não;Não;Não;Não;200041;Operações relacionadas às seguintes atividades desportivas: fornecimento de serviço de educação desportiva, classificado no código 1.2205.12.00 da NBS, e gestão e exploração do desporto por associações e clubes esportivos filiados ao órgão estadual ou federal responsável pela coordenação dos desportos, inclusive por meio de venda de ingressos para eventos desportivos, fornecimento oneroso ou não de bens e serviços, inclusive ingressos, por meio de programas de sócio-torcedor, cessão dos direitos desportivos dos atletas e transferência de atletas para outra entidade desportiva ou seu retorno à atividade em outra entidade desportiva, observado o art. 141 da Lei Complementar nº 214, de 2025.;60;60;Não;Não;Não;Não;Não;Não;Não;2 - Padrão;Não;Não;Não;Não;Não;Não;Não;Sim;Não;Não;Não;Não;Não;Não;Não;Não;Sim;91411;https://www.planalto.gov.br/ccivil_03/leis/lcp/lcp214.htm#art141;1 - Receita Bruta Interna;"Art. 217. Ficam reduzidas em 60% (sessenta por cento) as alíquotas da CBS incidentes sobre as seguintes operações relacionadas a atividades desportivas: 
I - fornecimento de serviço de educação desportiva, classificado no código 1.2205.12.00 da NBS;";"Art. 217. Ficam reduzidas em 60% (sessenta por cento) as alíquotas do IBS incidentes sobre as seguintes operações relacionadas a atividades desportivas: 
I - fornecimento de serviço de educação desportiva, classificado no código 1.2205.12.00 da NBS;"
200;Alíquota reduzida;Sim;Não;Sim;Não;Não;Não;Não;Não;200042;Operações relacionadas às seguintes atividades desportivas: gestão e exploração do desporto por associações e clubes esportivos filiados ao órgão estadual ou federal responsável pela coordenação dos desportos, observado o art. 141 da Lei Complementar nº 214, de 2025.;60;60;Não;Não;Não;Não;Não;Não;Não;2 - Padrão;Não;Não;Não;Não;Não;Não;Não;Sim;Não;Não;Não;Não;Não;Não;Não;Não;Sim;;https://www.planalto.gov.br/ccivil_03/leis/lcp/lcp214.htm#art141;1 - Receita Bruta Interna;"Art. 217. Ficam reduzidas em 60% (sessenta por cento) as alíquotas da CBS incidentes sobre as seguintes operações relacionadas a atividades desportivas:
II - gestão e exploração do desporto por associações e clubes esportivos filiados ao órgão estadual ou federal responsável pela coordenação dos desportos, inclusive por meio de venda de ingressos para eventos desportivos, fornecimento oneroso ou não de bens e serviços, inclusive ingressos, por meio de programas de sócio-torcedor, cessão dos direitos desportivos dos atletas e transferência de atletas para outra entidade desportiva ou seu retorno à atividade em outra entidade desportiva.";"Art. 217. Ficam reduzidas em 60% (sessenta por cento) as alíquotas do IBS incidentes sobre as seguintes operações relacionadas a atividades desportivas:
II - gestão e exploração do desporto por associações e clubes esportivos filiados ao órgão estadual ou federal responsável pela coordenação dos desportos, inclusive por meio de venda de ingressos para eventos desportivos, fornecimento oneroso ou não de bens e serviços, inclusive ingressos, por meio de programas de sócio-torcedor, cessão dos direitos desportivos dos atletas e transferência de atletas para outra entidade desportiva ou seu retorno à atividade em outra entidade desportiva."
200;Alíquota reduzida;Sim;Não;Sim;Não;Não;Não;Não;Não;200043;Fornecimento à administração pública direta, autarquias e fundações púbicas dos serviços e dos bens relativos à soberania e à segurança nacional, à segurança da informação e à segurança cibernética relacionados no Anexo XI da Lei Complementar nº 214, de 2025, com a especificação das respectivas classificações da NBS e da NCM/SH, observado o art. 142 da Lei Complementar nº 214, de 2025.;60;60;Não;Não;Não;Não;Não;Não;Não;2 - Padrão;Sim;Não;Não;Não;Não;Não;Sim;Sim;Não;Não;Não;Não;Não;Não;Não;Não;Não;11;https://www.planalto.gov.br/ccivil_03/leis/lcp/lcp214.htm#art142;1 - Receita Bruta Interna;"Art. 218. Ficam reduzidas em 60% (sessenta por cento) as alíquotas da CBS sobre: 
I - fornecimento à administração pública direta, autarquias e fundações públicas dos serviços e dos bens relativos à soberania e à segurança nacional, à segurança da informação e à segurança cibernética relacionados no Anexo XI da Lei Complementar nº 214, de 16 de janeiro de 2025, com a especificação das respectivas classificações da NBS e da NCM/SH;";"Art. 218. Ficam reduzidas em 60% (sessenta por cento) as alíquotas do IBS sobre: 
I - fornecimento à administração pública direta, autarquias e fundações públicas dos serviços e dos bens relativos à soberania e à segurança nacional, à segurança da informação e à segurança cibernética relacionados no Anexo XI da Lei Complementar nº 214, de 2025, com a especificação das respectivas classificações da NBS e da NCM/SH;"
200;Alíquota reduzida;Sim;Não;Sim;Não;Não;Não;Não;Não;200044;Operações e prestações de serviços de segurança da informação e segurança cibernética desenvolvidos por sociedade que tenha sócio brasileiro com o mínimo de 20% (vinte por cento) do seu capital social, relacionados no Anexo XI da Lei Complementar nº 214, de 2025, com a especificação das respectivas classificações da NBS e da NCM/SH, observado o art. 142 da Lei Complementar nº 214, de 2025.;60;60;Não;Não;Não;Não;Não;Não;Não;2 - Padrão;Não;Não;Não;Não;Não;Não;Sim;Sim;Não;Não;Não;Não;Não;Não;Não;Não;Sim;11;https://www.planalto.gov.br/ccivil_03/leis/lcp/lcp214.htm#art142;1 - Receita Bruta Interna;"Art. 218. Ficam reduzidas em 60% (sessenta por cento) as alíquotas da CBS sobre: 
II - fornecimento de serviços de segurança da informação e segurança cibernética desenvolvidos por sociedade que tenha sócio brasileiro com o mínimo de 20% (vinte por cento) do seu capital social, relacionados no Anexo XI da Lei Complementar nº 214, de 16 de janeiro de 2025, com a especificação das respectivas classificações da NBS.";"Art. 218. Ficam reduzidas em 60% (sessenta por cento) as alíquotas do IBS sobre:
II - fornecimento de serviços de segurança da informação e segurança cibernética desenvolvidos por sociedade que tenha sócio brasileiro com o mínimo de 20% (vinte por cento) do seu capital social, relacionados no Anexo XI da Lei Complementar nº 214, de 2025, com a especificação das respectivas classificações da NBS."
200;Alíquota reduzida;Sim;Não;Sim;Não;Não;Não;Não;Não;200045;Operações relacionadas a projetos de reabilitação urbana de zonas históricas e de áreas críticas de recuperação e reconversão urbanística dos Municípios ou do Distrito Federal, a serem delimitadas por lei municipal ou distrital, observado o art. 158 da Lei Complementar nº 214, de 2025.;60;60;Não;Não;Não;Não;Não;Não;Não;2 - Padrão;Não;Não;Não;Não;Não;Não;Não;Sim;Não;Não;Não;Não;Sim;Não;Não;Não;Sim;;https://www.planalto.gov.br/ccivil_03/leis/lcp/lcp214.htm#art158;1 - Receita Bruta Interna;Art. 234. Observado o disposto neste Capítulo, ficam reduzidas em 60% (sessenta por cento) as alíquotas da CBS sobre operações relacionadas a projetos de reabilitação urbana de zonas históricas e de áreas críticas de recuperação e reconversão urbanística dos Municípios ou do Distrito Federal, delimitadas por lei municipal ou distrital.;Art. 234. Observado o disposto neste Capítulo, ficam reduzidas em 60% (sessenta por cento) as alíquotas do IBS sobre operações relacionadas a projetos de reabilitação urbana de zonas históricas e de áreas críticas de recuperação e reconversão urbanística dos Municípios ou do Distrito Federal, delimitadas por lei municipal ou distrital. 
200;Alíquota reduzida;Sim;Não;Sim;Não;Não;Não;Não;Não;200046;Operações com bens imóveis, observado o art. 261 da Lei Complementar nº 214, de 2025.;50;50;Não;Não;Não;Não;Não;Não;Não;2 - Padrão;Não;Não;Não;Não;Não;Não;Não;Sim;Não;Não;Não;Não;Sim;Não;Não;Não;Sim;;https://www.planalto.gov.br/ccivil_03/leis/lcp/lcp214.htm#art261;1 - Receita Bruta Interna;Art. 379. A alíquota da CBS relativa às operações de que trata este Capítulo fica reduzida em 50% (cinquenta por cento).;Art. 379. A alíquota do IBS relativa às operações de que trata este Capítulo fica reduzida em 50% (cinquenta por cento). 
200;Alíquota reduzida;Sim;Não;Sim;Não;Não;Não;Não;Não;200047;Bares e Restaurantes, observado o art. 275 da Lei Complementar nº 214, de 2025.;40;40;Não;Não;Não;Não;Não;Não;Não;2 - Padrão;Sim;Sim;Não;Não;Não;Não;Não;Não;Não;Não;Não;Não;Não;Não;Não;Não;Sim;;https://www.planalto.gov.br/ccivil_03/leis/lcp/lcp214.htm#art275;1 - Receita Bruta Interna;Art. 400. As alíquotas da CBS relativas às operações de que trata o art. 396 ficam reduzidas em 40% (quarenta por cento).;Art. 400. As alíquotas do IBS relativas às operações de que trata o art. 396 ficam reduzidas em 40% (quarenta por cento).
200;Alíquota reduzida;Sim;Não;Sim;Não;Não;Não;Não;Não;200048;Hotelaria, Parques de Diversão e Parques Temáticos, observado o art. 281 da Lei Complementar nº 214, de 2025.;40;40;Não;Não;Não;Não;Não;Não;Não;2 - Padrão;Não;Não;Não;Não;Não;Não;Não;Sim;Não;Não;Não;Não;Não;Não;Não;Não;Sim;92811;https://www.planalto.gov.br/ccivil_03/leis/lcp/lcp214.htm#art281;1 - Receita Bruta Interna;Art. 405. As alíquotas da CBS relativas às operações de que trata esta Seção ficam reduzidas em 40% (quarenta por cento).;Art. 405. As alíquotas do IBS relativas às operações de que trata esta Seção ficam reduzidas em 40% (quarenta por cento). 
200;Alíquota reduzida;Sim;Não;Sim;Não;Não;Não;Não;Não;200049;Transporte coletivo de passageiros rodoviário, ferroviário e hidroviário intermunicipais e interestaduais, observado o art. 286 da Lei Complementar nº 214, de 2025.;40;40;Não;Não;Não;Não;Não;Não;Não;2 - Padrão;Não;Não;Não;Não;Sim;Não;Não;Não;Não;Não;Não;Não;Não;Não;Não;Não;Sim;;https://www.planalto.gov.br/ccivil_03/leis/lcp/lcp214.htm#art286;1 - Receita Bruta Interna;"Art. 416. As alíquotas da CBS relativas às operações de que trata esta Seção ficam reduzidas na seguinte forma:
I - em 40% (quarenta por cento) para:
a) transporte coletivo de passageiros rodoviário, ferroviário e hidroviário intermunicipais e interestaduais";"Art. 416. As alíquotas do IBS relativas às operações de que trata esta Seção ficam reduzidas na seguinte forma:
I - em 40% (quarenta por cento) para:
a) transporte coletivo de passageiros rodoviário, ferroviário e hidroviário intermunicipais e interestaduais;"
200;Alíquota reduzida;Sim;Não;Sim;Não;Não;Não;Não;Não;200050;Serviços de transporte aéreo regional coletivo de passageiros ou de carga, observado o art. 287 da Lei Complementar nº 214, de 2025.;40;40;Não;Não;Não;Não;Não;Não;Não;2 - Padrão;Não;Não;Sim;Sim;Não;Não;Não;Não;Não;Sim;Não;Não;Não;Não;Não;Não;Sim;;https://www.planalto.gov.br/ccivil_03/leis/lcp/lcp214.htm#art287;1 - Receita Bruta Interna;"Art. 416. As alíquotas da CBS relativas às operações de que trata esta Seção ficam reduzidas na seguinte forma: 
I - em 40% (quarenta por cento) para:
b) transporte aéreo regional coletivo de passageiros ou cargas;";"Art. 416. As alíquotas do IBS relativas às operações de que trata esta Seção ficam reduzidas na seguinte forma:
I - em 40% (quarenta por cento) para:
b) transporte aéreo regional coletivo de passageiros ou cargas;"
200;Alíquota reduzida;Sim;Não;Sim;Não;Não;Não;Não;Não;200051;Agências de Turismo, observado o art. 289 da Lei Complementar nº 214, de 2025.;40;40;Não;Não;Não;Não;Não;Não;Não;2 - Padrão;Não;Não;Não;Não;Não;Não;Não;Sim;Não;Não;Não;Não;Não;Não;Não;Não;Sim;;https://www.planalto.gov.br/ccivil_03/leis/lcp/lcp214.htm#art289;1 - Receita Bruta Interna;;
200;Alíquota reduzida;Sim;Não;Sim;Não;Não;Não;Não;Não;200052;Prestação de serviços das seguintes profissões intelectuais de natureza científica, literária ou artística, submetidas à fiscalização por conselho profissional: administradores, advogados, arquitetos e urbanistas, assistentes sociais, bibliotecários, biólogos, contabilistas, economistas, economistas domésticos, profissionais de educação física, engenheiros e agrônomos, estatísticos, médicos veterinários e zootecnistas, museólogos, químicos, profissionais de relações públicas, técnicos industriais e técnicos agrícolas, observado o art. 127 da Lei Complementar nº 214, de 2025.;30;30;Não;Não;Não;Não;Não;Não;Não;2 - Padrão;Não;Não;Não;Não;Não;Não;Não;Sim;Não;Não;Não;Não;Não;Não;Não;Não;Sim;91271;https://www.planalto.gov.br/ccivil_03/leis/lcp/lcp214.htm#art127;1 - Receita Bruta Interna;"Art. 202. Ficam reduzidas em 30% (trinta por cento) as alíquotas da CBS incidentes sobre a prestação de serviços pelos seguintes profissionais, que exercerem atividades intelectuais de natureza científica, literária ou artística, submetidas à fiscalização por conselho profissional: 
I - administradores;
II - advogados;
III - arquitetos e urbanistas;
IV - assistentes sociais;
V - bibliotecários;
VI - biólogos;
VII - contabilistas;
VIII - economistas;
IX - economistas domésticos;
X - profissionais de educação física;
XI - engenheiros e agrônomos;
XII - estatísticos;
XIII - médicos veterinários e zootecnistas;
XIV - museólogos;
XV - químicos;
XVI - profissionais de relações públicas;
XVII - técnicos industriais; e
XVIII - técnicos agrícolas.";"Art. 202. Ficam reduzidas em 30% (trinta por cento) as alíquotas do IBS incidentes sobre a prestação de serviços pelos seguintes profissionais, que exercerem atividades intelectuais de natureza científica, literária ou artística, submetidas à fiscalização por conselho profissional: 
I - administradores;
II - advogados;
III - arquitetos e urbanistas;
IV - assistentes sociais;
V - bibliotecários;
VI - biólogos;
VII - contabilistas;
VIII - economistas;
IX - economistas domésticos;
X - profissionais de educação física;
XI - engenheiros e agrônomos;
XII - estatísticos;
XIII - médicos veterinários e zootecnistas;
XIV - museólogos;
XV - químicos;
XVI - profissionais de relações públicas;
XVII - técnicos industriais; e
XVIII - técnicos agrícolas."
200;Alíquota reduzida;Sim;Não;Sim;Não;Não;Não;Não;Não;200053;Fornecimento de medicamentos registrados na Anvisa, quando  classificados como soros ou vacinas, observado o art. 146 da Lei Complementar nº 214, de 2025.;100;100;Não;Não;Não;Não;Não;Não;Não;2 - Padrão;Sim;Sim;Não;Não;Não;Não;Não;Não;Não;Não;Não;Não;Não;Não;Não;Sim;Não;;https://www.planalto.gov.br/ccivil_03/leis/lcp/lcp214.htm#art146;1 - Receita Bruta Interna;"Art. 222.
§ 1º São também reduzidas a zero as alíquotas da CBS sobre o fornecimento de medicamentos registrados na Anvisa quando:
III - classificados como soros ou vacinas, conforme regulamentação sanitária específica.";"Art. 222.
§ 1º São também reduzidas a zero as alíquotas do IBS sobre o fornecimento de medicamentos registrados na Anvisa quando:
III - classificados como soros ou vacinas, conforme regulamentação sanitária específica"
200;Alíquota reduzida;Sim;Não;Sim;Não;Não;Não;Não;Não;200054;Fornecimento de bem material pela cooperativa de produção agropecuária a associado não sujeito ao regime regular do IBS e da CBS com anulação de créditos referentes ao bem fornecido, observado o art. 271 da Lei Complementar nº 214, de 2025.;100;100;Não;Não;Sim;Não;Não;Não;Não;2 - Padrão;Sim;Sim;Não;Não;Não;Não;Não;Sim;Não;Não;Não;Não;Não;Não;Não;Não;Sim;;"https://www.planalto.gov.br/ccivil_03/leis/lcp/lcp214.htm#art271
";9 - Fornecimento Incompatível com SN;"Art. 391. As sociedades cooperativas poderão optar por regime específico da CBS no qual, nos termos do disposto neste Capítulo, ficam reduzidas a zero as alíquotas do tributo incidente na operação em que:
§ 2º O disposto no caput aplica-se também:
II - à operação de fornecimento de bem material pela cooperativa de produção agropecuária a associado não sujeito ao regime regular da CBS, desde que anulados os créditos por ela apropriados referentes ao bem fornecido.";"Art. 391. As sociedades cooperativas poderão optar por regime específico do IBS no qual, nos termos do disposto neste Capítulo, ficam reduzidas a zero as alíquotas do tributo incidente na operação em que:
§ 2º O disposto no caput deste artigo aplica-se também:
II - à operação de fornecimento de bem material pela cooperativa de produção agropecuária a associado não sujeito ao regime regular do IBS, desde que anulados os créditos por ela apropriados referentes ao bem fornecido."
220;Alíquota fixa;Sim;Não;Não;Não;Não;Não;Não;Não;220001;Incorporação imobiliária submetida ao regime especial de tributação, observado o art. 485 da Lei Complementar nº 214, de 2025.;0;0;Não;Não;Não;Não;Não;Não;Não;1 - Fixa;Não;Não;Não;Não;Não;Não;Não;Não;Não;Não;Não;Não;Sim;Não;Não;Não;Não;;https://www.planalto.gov.br/ccivil_03/leis/lcp/lcp214.htm#art485;-;;
220;Alíquota fixa;Sim;Não;Não;Não;Não;Não;Não;Não;220002;Incorporação imobiliária submetida ao regime especial de tributação, observado o art. 485 da Lei Complementar nº 214, de 2025.;0;0;Não;Não;Não;Não;Não;Não;Não;1 - Fixa;Não;Não;Não;Não;Não;Não;Não;Não;Não;Não;Não;Não;Sim;Não;Não;Não;Não;;https://www.planalto.gov.br/ccivil_03/leis/lcp/lcp214.htm#art485;-;;
220;Alíquota fixa;Sim;Não;Não;Não;Não;Não;Não;Não;220003;Alienação de imóvel decorrente de parcelamento do solo, observado o art. 486 da Lei Complementar nº 214, de 2025.;0;0;Não;Não;Não;Não;Não;Não;Não;1 - Fixa;Não;Não;Não;Não;Não;Não;Não;Não;Não;Não;Não;Não;Sim;Não;Não;Não;Não;;https://www.planalto.gov.br/ccivil_03/leis/lcp/lcp214.htm#art486;-;;
221;Alíquota fixa proporcional;Sim;Não;Não;Não;Não;Não;Não;Não;221001;Locação, cessão onerosa ou arrendamento de bem imóvel com alíquota sobre a receita bruta, observado o art. 487 da Lei Complementar nº 214, de 2025.;0;0;Não;Não;Não;Não;Não;Não;Não;1 - Fixa;Não;Não;Não;Não;Não;Não;Não;Sim;Não;Não;Não;Não;Não;Não;Não;Não;Sim;94871;"https://www.planalto.gov.br/ccivil_03/leis/lcp/lcp214.htm#art484
";1 - Receita Bruta Interna;"Art. 463. O contribuinte que realizar locação, cessão onerosa ou arrendamento de bem imóvel decorrente de contratos firmados por prazo determinado poderá optar, de forma irretratável, pelo recolhimento de CBS com base na receita bruta recebida.
§ 2º As operações sujeitas ao regime de que trata este artigo estarão sujeitas ao pagamento de IBS e de CBS em montante equivalente a 3,65% (três inteiros e sessenta e cinco centésimos por cento) da receita bruta recebida.";"Art. 463. O contribuinte que realizar locação, cessão onerosa ou arrendamento de bem imóvel decorrente de contratos firmados por prazo determinado poderá optar, de forma irretratável, pelo recolhimento de IBS com base na receita bruta recebida. 
§ 2º As operações sujeitas ao regime de que trata este artigo estarão sujeitas ao pagamento de IBS e de CBS em montante equivalente a 3,65% (três inteiros e sessenta e cinco centésimos por cento) da receita bruta recebida."
221;Alíquota fixa proporcional;Sim;Não;Não;Não;Não;Não;Não;Não;221002;Incorporação imobiliária submetida ao regime especial de tributação, observado o art. 485 da Lei Complementar nº 214, de 2025.;0;0;Não;Não;Não;Não;Não;Não;Não;1 - Fixa;Não;Não;Não;Não;Não;Não;Não;Não;Não;Não;Não;Não;Sim;Não;Não;Não;Não;;https://www.planalto.gov.br/ccivil_03/leis/lcp/lcp214.htm#art485;9 - Fornecimento Incompatível com SN;"Art. 461. O contribuinte que realizar incorporação imobiliária submetida ao patrimônio de afetação, nos termos dos art. 31-A a art. 31-E da Lei nº 4.591, de 16 de dezembro de 1964, que tenha realizado o pedido de opção pelo regime específico instituído pelo art. 1º e tenha o pedido efetivado nos termos do art. 2º, ambos da Lei nº 10.931 de 2 de agosto de 2004, antes de 1º de janeiro de 2029, pode optar, de forma irretratável, pelo recolhimento de IBS e de CBS, da seguinte forma:
I - a incorporação imobiliária submetida ao regime especial de tributação prevista nos art. 4º e art. 8º da Lei nº 10.931, de 2 de agosto de 2004, ficará sujeita ao pagamento de IBS e de CBS em montante equivalente a 2,08% (dois inteiros e oito centésimos por cento) da receita mensal recebida;";"Art. 461. O contribuinte que realizar incorporação imobiliária submetida ao patrimônio de afetação, nos termos dos arts. 31-A a 31-E da Lei nº 4.591, de 16 de dezembro de 1964, que tenha realizado o pedido de opção pelo regime específico instituído pelo art. 1º e tenha o pedido efetivado nos termos do art. 2º, ambos da Lei nº 10.931, de 2 de agosto de 2004, antes de 1º de janeiro de 2029, pode optar, de forma irretratável, pelo recolhimento de IBS e de CBS, da seguinte forma: 
I - a incorporação imobiliária submetida ao regime especial de tributação previsto nos arts. 4º e 8º da Lei nº 10.931, de 2 de agosto de 2004, ficará sujeita ao pagamento de IBS e de CBS em montante equivalente a 2,08% (dois inteiros e oito centésimos por cento) da receita mensal recebida;"
221;Alíquota fixa proporcional;Sim;Não;Não;Não;Não;Não;Não;Não;221003;Incorporação imobiliária submetida ao regime especial de tributação, observado o art. 485 da Lei Complementar nº 214, de 2025.;0;0;Não;Não;Não;Não;Não;Não;Não;1 - Fixa;Não;Não;Não;Não;Não;Não;Não;Não;Não;Não;Não;Não;Sim;Não;Não;Não;Não;;https://www.planalto.gov.br/ccivil_03/leis/lcp/lcp214.htm#art485;9 - Fornecimento Incompatível com SN;"Art. 461. O contribuinte que realizar incorporação imobiliária submetida ao patrimônio de afetação, nos termos dos art. 31-A a art. 31-E da Lei nº 4.591, de 16 de dezembro de 1964, que tenha realizado o pedido de opção pelo regime específico instituído pelo art. 1º e tenha o pedido efetivado nos termos do art. 2º, ambos da Lei nº 10.931 de 2 de agosto de 2004, antes de 1º de janeiro de 2029, pode optar, de forma irretratável, pelo recolhimento de IBS e de CBS, da seguinte forma:
II - a incorporação imobiliária submetida ao regime especial de tributação prevista no art. 4º, § 6º e § 8º, e no art. 8º, parágrafo único, da Lei nº 10.931, de 2 de agosto de 2004, ficará sujeita ao pagamento de IBS e de CBS em montante equivalente a 0,53% (cinquenta e três centésimos por cento) da receita mensal recebida.";"Art. 461. O contribuinte que realizar incorporação imobiliária submetida ao patrimônio de afetação, nos termos dos arts. 31-A a 31-E da Lei nº 4.591, de 16 de dezembro de 1964, que tenha realizado o pedido de opção pelo regime específico instituído pelo art. 1º e tenha o pedido efetivado nos termos do art. 2º, ambos da Lei nº 10.931, de 2 de agosto de 2004, antes de 1º de janeiro de 2029, pode optar, de forma irretratável, pelo recolhimento de IBS e de CBS, da seguinte forma: 
II - a incorporação imobiliária submetida ao regime especial de tributação prevista no §§ 6º e 8º do art. 4º e no parágrafo único do art. 8º, todos da Lei nº 10.931, de 2 de agosto de 2004, ficará sujeita ao pagamento de IBS e de CBS em montante equivalente a 0,53% (cinquenta e três centésimos por cento) da receita mensal recebida."
221;Alíquota fixa proporcional;Sim;Não;Não;Não;Não;Não;Não;Não;221004;Alienação de imóvel decorrente de parcelamento do solo, observado o art. 486 da Lei Complementar nº 214, de 2025.;0;0;Não;Não;Não;Não;Não;Não;Não;1 - Fixa;Não;Não;Não;Não;Não;Não;Não;Não;Não;Não;Não;Não;Sim;Não;Não;Não;Não;;https://www.planalto.gov.br/ccivil_03/leis/lcp/lcp214.htm#art486;1 - Receita Bruta Interna;"Art. 462. O contribuinte que realizar alienação de imóvel decorrente de parcelamento do solo e que tenha o pedido de registro do parcelamento, nos termos da Lei nº 6.766, de 19 de dezembro de 1979, efetivado antes de 1º de janeiro de 2029, pode optar, de forma irretratável, pelo recolhimento de IBS e de CBS com base na receita bruta recebida.
§ 1º As operações sujeitas ao regime de que trata este artigo estarão sujeitas ao pagamento de IBS e de CBS em montante equivalente a 3,65% (três inteiros e sessenta e cinco centésimos por cento) da receita bruta recebida.";"Art. 462. O contribuinte que realizar alienação de imóvel decorrente de parcelamento do solo, que tenha o pedido de registro do parcelamento, nos termos da Lei nº 6.766, de 19 de dezembro de 1979, efetivado antes de 1º de janeiro de 2029, pode optar, de forma irretratável, pelo recolhimento de IBS e de CBS com base na receita bruta recebida.
§ 1º As operações sujeitas ao regime de que trata este artigo estarão sujeitas ao pagamento de IBS e de CBS em montante equivalente a 3,65% (três inteiros e sessenta e cinco centésimos por cento) da receita bruta recebida."
222;Redução de Base de Cálculo;Sim;Sim;Não;Não;Não;Não;Não;Não;222001;Transporte internacional de passageiros, caso os trechos de ida e volta sejam vendidos em conjunto, a base de cálculo será a metade do valor cobrado, observado o Art. 12 § 8º da Lei Complementar nº 214, de 2025.;0;0;Não;Não;Não;Não;Não;Não;Não;2 - Padrão;Não;Não;Não;Sim;Sim;Não;Não;Não;Não;Sim;Não;Não;Não;Não;Não;Não;Sim;;https://www.planalto.gov.br/ccivil_03/leis/lcp/lcp214.htm#art12;5 - Receita Bruta Mercado Interno/Exportação;"Art. 13.
§ 7º No transporte internacional de passageiros, caso os trechos de ida e volta sejam vendidos em conjunto, a base de cálculo será a metade do valor cobrado.";"Art. 13.
§ 7º No transporte internacional de passageiros, caso os trechos de ida e volta sejam vendidos em conjunto, a base de cálculo será a metade do valor cobrado."
400;Isenção;Não;Não;Não;Não;Não;Não;Não;Não;400001;Fornecimento de serviços de transporte público coletivo de passageiros rodoviário e metroviário de caráter urbano, semiurbano e metropolitano, sob regime de autorização, permissão ou concessão pública, observado o art. 157 da Lei Complementar nº 214, de 2025.;0;0;Não;Não;Não;Não;Não;Não;Não;2 - Padrão;Não;Não;Não;Não;Sim;Não;Não;Sim;Sim;Não;Não;Não;Não;Não;Não;Não;Sim;;https://www.planalto.gov.br/ccivil_03/leis/lcp/lcp214.htm#art157;1 - Receita Bruta Interna;Art. 233. Fica isento da CBS o fornecimento de serviços de transporte público coletivo de passageiros rodoviário e metroviário de caráter urbano, semiurbano e metropolitano, sob regime de autorização, permissão ou concessão pública. ;Art. 233. Fica isento do IBS o fornecimento de serviços de transporte público coletivo de passageiros rodoviário e metroviário de caráter urbano, semiurbano e metropolitano, sob regime de autorização, permissão ou concessão pública.
400;Isenção;Não;Não;Não;Não;Não;Não;Não;Não;400002;Fornecimento de serviços de transporte público coletivo de passageiros rodoviário e metroviário de caráter urbano, semiurbano e metropolitano, sob regime de autorização, permissão ou concessão pública, com medição por quilômetro rodado, observado o art. 157 da Lei Complementar nº 214, de 2025.;0;0;Não;Não;Não;Não;Não;Não;Não;3 - Sem aliquota;Não;Não;Não;Sim;Não;Não;Não;Não;Não;Não;Não;Não;Não;Não;Não;Não;Sim;;https://www.planalto.gov.br/ccivil_03/leis/lcp/lcp214.htm#art157;1 - Receita Bruta Interna;Art. 233. Fica isento da CBS o fornecimento de serviços de transporte público coletivo de passageiros rodoviário e metroviário de caráter urbano, semiurbano e metropolitano, sob regime de autorização, permissão ou concessão pública. ;Art. 233. Fica isento do IBS o fornecimento de serviços de transporte público coletivo de passageiros rodoviário e metroviário de caráter urbano, semiurbano e metropolitano, sob regime de autorização, permissão ou concessão pública.
410;Imunidade e não incidência;Não;Não;Não;Não;Não;Não;Não;Não;410001;Fornecimento de bonificações quando constem do respectivo documento fiscal e que não dependam de evento posterior, observado o art. 5º da Lei Complementar nº 214, de 2025.;0;0;Não;Não;Não;Não;Não;Não;Não;3 - Sem aliquota;Sim;Sim;Sim;Sim;Sim;Sim;Sim;Sim;Sim;Sim;Sim;Não;Sim;Sim;Não;Não;Não;;https://www.planalto.gov.br/ccivil_03/leis/lcp/lcp214.htm#art5;0 - Não Receita Bruta;"Art. 5º A CBS também incide sobre as seguintes operações: 
II - fornecimento de brindes e bonificações;
§ 2º O disposto no inciso II do caput:
I - não se aplica às bonificações que constem do respectivo documento fiscal e que não dependam de evento posterior; ";"Art. 5º O IBS também incide sobre as seguintes operações: 
II - fornecimento de brindes e bonificações;
§ 2º O disposto no inciso II do caput deste artigo:
I - não se aplica às bonificações que constem do respectivo documento fiscal e que não dependam de evento posterior"
410;Imunidade e não incidência;Não;Não;Não;Não;Não;Não;Não;Não;410002;Transferências entre estabelecimentos pertencentes ao mesmo contribuinte, observado o art. 6º da Lei Complementar nº 214, de 2025.;0;0;Não;Não;Não;Não;Não;Não;Não;3 - Sem aliquota;Sim;Não;Não;Não;Não;Não;Não;Não;Não;Não;Não;Não;Não;Não;Não;Não;Sim;;https://www.planalto.gov.br/ccivil_03/leis/lcp/lcp214.htm#art6;0 - Não Receita Bruta;"Art. 6º A CBS não incide sobre:
II - transferência de bens entre estabelecimentos pertencentes ao mesmo contribuinte;";"Art. 6º O IBS não incide sobre:
II - transferência de bens entre estabelecimentos pertencentes ao mesmo contribuinte;"
410;Imunidade e não incidência;Não;Não;Não;Não;Não;Não;Não;Não;410003;"Doações que não tenham por objeto bens ou serviços que tenham permitido a apropriação de créditos pelo doador, observado o art. 6º da Lei Complementar nº 214, de 2025.
";0;0;Não;Não;Não;Não;Não;Não;Não;3 - Sem aliquota;Sim;Sim;Sim;Sim;Sim;Sim;Sim;Sim;Sim;Sim;Sim;Sim;Sim;Sim;Sim;Não;Não;;https://www.planalto.gov.br/ccivil_03/leis/lcp/lcp214.htm#art6;0 - Não Receita Bruta;"Art. 6º A CBS não incide sobre:
VIII - doações sem contraprestação em benefício do doador;
";"Art. 6º O IBS não incide sobre:
VIII - doações sem contraprestação em benefício do doador;"
410;Imunidade e não incidência;Não;Não;Não;Não;Não;Não;Não;Não;410004;Exportações de bens e serviços, observado o art. 8º da Lei Complementar nº 214, de 2025.;0;0;Não;Não;Não;Não;Não;Não;Não;3 - Sem aliquota;Sim;Não;Sim;Sim;Sim;Sim;Sim;Sim;Não;Sim;Não;Não;Não;Não;Não;Não;Sim;;https://www.planalto.gov.br/ccivil_03/leis/lcp/lcp214.htm#art8;3 - Receita Bruta Exportação Direta;Art. 9º São imunes à CBS as exportações de bens e de serviços, nos termos do Capítulo IV deste Título.;Art. 9º São imunes ao IBS as exportações de bens e de serviços, nos termos do Capítulo IV deste Título. 
410;Imunidade e não incidência;Não;Não;Não;Não;Não;Não;Não;Não;410005;Fornecimentos realizados pela União, pelos Estados, pelo Distrito Federal e pelos Municípios, observado o art. 9º da Lei Complementar nº 214, de 2025.;0;0;Não;Não;Não;Não;Não;Não;Não;3 - Sem aliquota;Sim;Sim;Não;Não;Não;Não;Não;Sim;Não;Não;Sim;Não;Não;Não;Não;Não;Sim;;https://www.planalto.gov.br/ccivil_03/leis/lcp/lcp214.htm#art9;9 - Fornecimento Incompatível com SN;"Art. 10. São imunes também à CBS os fornecimentos:
I - realizados pela União, pelos Estados, pelo Distrito Federal e pelos Municípios;
§ 1º A imunidade prevista no inciso I do caput é extensiva às autarquias e às fundações instituídas e mantidas pelo poder público e à empresa pública prestadora de serviço postal, bem como:";"Art. 10. São imunes também ao IBS os fornecimentos:
I - realizados pela União, pelos Estados, pelo Distrito Federal e pelos Municípios;
§ 1º A imunidade prevista no inciso I do caput deste artigo é extensiva às autarquias e às fundações instituídas e mantidas pelo poder público e à empresa pública prestadora de serviço postal, bem como:"
410;Imunidade e não incidência;Não;Não;Não;Não;Não;Não;Não;Não;410006;Fornecimentos realizados por entidades religiosas e templos de qualquer culto, inclusive suas organizações assistenciais e beneficentes, observado o art. 9º da Lei Complementar nº 214, de 2025.;0;0;Não;Não;Não;Não;Não;Não;Não;3 - Sem aliquota;Sim;Sim;Não;Não;Não;Não;Não;Sim;Não;Não;Não;Não;Não;Não;Não;Não;Sim;;https://www.planalto.gov.br/ccivil_03/leis/lcp/lcp214.htm#art9;9 - Fornecimento Incompatível com SN;"Art. 10. São imunes também à CBS os fornecimentos:
II - realizados por entidades religiosas e templos de qualquer culto, inclusive suas organizações assistenciais e beneficentes;";"Art. 10. São imunes também ao IBS os fornecimentos:
II - realizados por entidades religiosas e templos de qualquer culto, inclusive suas organizações assistenciais e beneficentes;"
410;Imunidade e não incidência;Não;Não;Não;Não;Não;Não;Não;Não;410007;Fornecimentos realizados por partidos políticos, inclusive suas fundações, entidades sindicais dos trabalhadores e instituições de educação e de assistência social, sem fins lucrativos, observado o art. 9º da Lei Complementar nº 214, de 2025.;0;0;Não;Não;Não;Não;Não;Não;Não;3 - Sem aliquota;Sim;Sim;Não;Não;Não;Não;Não;Sim;Não;Não;Não;Não;Não;Não;Não;Não;Sim;;https://www.planalto.gov.br/ccivil_03/leis/lcp/lcp214.htm#art9;9 - Fornecimento Incompatível com SN;"Art. 10. São imunes também à CBS os fornecimentos:
III - realizados por partidos políticos, inclusive seus institutos e fundações, entidades sindicais dos trabalhadores e instituições de educação e de assistência social, sem fins lucrativos;";"Art. 10. São imunes também ao IBS os fornecimentos:
III - realizados por partidos políticos, inclusive seus institutos e fundações, entidades sindicais dos trabalhadores e instituições de educação e de assistência social, sem fins lucrativos;"
410;Imunidade e não incidência;Não;Não;Não;Não;Não;Não;Não;Não;410008;Fornecimentos de livros, jornais, periódicos e do papel destinado a sua impressão, observado o art. 9º da Lei Complementar nº 214, de 2025.;0;0;Não;Não;Não;Não;Não;Não;Não;3 - Sem aliquota;Sim;Sim;Não;Não;Não;Não;Sim;Sim;Não;Não;Não;Não;Não;Não;Não;Sim;Não;;https://www.planalto.gov.br/ccivil_03/leis/lcp/lcp214.htm#art9;2 - Receita Bruta Interna sem Cálculo IBS/CBS;"Art. 10. São imunes também à CBS os fornecimentos:
IV - de livros, jornais, periódicos e do papel destinado a sua impressão;";"Art. 10. São imunes também ao IBS os fornecimentos:
IV - de livros, jornais, periódicos e do papel destinado a sua impressão;"
410;Imunidade e não incidência;Não;Não;Não;Não;Não;Não;Não;Não;410009;Fornecimentos de fonogramas e videofonogramas musicais produzidos no Brasil contendo obras musicais ou literomusicais de autores brasileiros e/ou obras em geral interpretadas por artistas brasileiros, bem como os suportes materiais ou arquivos digitais que os contenham, salvo na etapa de replicação industrial de mídias ópticas de leitura a laser, observado o art. 9º da Lei Complementar nº 214, de 2025.;0;0;Não;Não;Não;Não;Não;Não;Não;3 - Sem aliquota;Sim;Sim;Não;Não;Não;Não;Sim;Sim;Não;Não;Não;Não;Não;Não;Não;Sim;Não;;https://www.planalto.gov.br/ccivil_03/leis/lcp/lcp214.htm#art9;2 - Receita Bruta Interna sem Cálculo IBS/CBS;"Art. 10. São imunes também à CBS os fornecimentos:
V - de fonogramas e videofonogramas musicais produzidos no Brasil contendo obras musicais ou literomusicais de autores brasileiros e/ou obras em geral interpretadas por artistas brasileiros, bem como os suportes materiais ou arquivos digitais que os contenham, salvo na etapa de replicação industrial de mídias ópticas de leitura a laser;";"Art. 10. São imunes também ao IBS os fornecimentos:
V - de fonogramas e videofonogramas musicais produzidos no Brasil contendo obras musicais ou literomusicais de autores brasileiros e/ou obras em geral interpretadas por artistas brasileiros, bem como os suportes materiais ou arquivos digitais que os contenham, salvo na etapa de replicação industrial de mídias ópticas de leitura a laser;"
410;Imunidade e não incidência;Não;Não;Não;Não;Não;Não;Não;Não;410010;Fornecimentos de serviço de comunicação nas modalidades de radiodifusão sonora e de sons e imagens de recepção livre e gratuita, observado o art. 9º da Lei Complementar nº 214, de 2025.;0;0;Não;Não;Não;Não;Não;Não;Não;3 - Sem aliquota;Não;Não;Não;Não;Não;Não;Sim;Sim;Não;Não;Não;Não;Não;Não;Sim;Não;Sim;;https://www.planalto.gov.br/ccivil_03/leis/lcp/lcp214.htm#art9;2 - Receita Bruta Interna sem Cálculo IBS/CBS;"Art. 10. São imunes também à CBS os fornecimentos:
VI - de serviço de comunicação nas modalidades de radiodifusão sonora e de sons e imagens de recepção livre e gratuita;";"Art. 10. São imunes também ao IBS os fornecimentos:
VI - de serviço de comunicação nas modalidades de radiodifusão sonora e de sons e imagens de recepção livre e gratuita;"
410;Imunidade e não incidência;Não;Não;Não;Não;Não;Não;Não;Não;410011;Fornecimentos de ouro, quando definido em lei como ativo financeiro ou instrumento cambial, observado o art. 9º da Lei Complementar nº 214, de 2025.;0;0;Não;Não;Não;Não;Não;Não;Não;3 - Sem aliquota;Não;Não;Não;Não;Não;Não;Não;Não;Não;Não;Não;Não;Não;Não;Não;Não;Sim;;https://www.planalto.gov.br/ccivil_03/leis/lcp/lcp214.htm#art9;2 - Receita Bruta Interna sem Cálculo IBS/CBS;"Art. 10. São imunes também à CBS os fornecimentos:
VII - de ouro, quando definido em lei como ativo financeiro ou instrumento cambial.";"Art. 10. São imunes também ao IBS os fornecimentos:
VII - de ouro, quando definido em lei como ativo financeiro ou instrumento cambial."
410;Imunidade e não incidência;Não;Não;Não;Não;Não;Não;Não;Não;410012;Fornecimento de condomínio edilício não optante pelo regime regular, observado o art. 26 da Lei Complementar nº 214, de 2025.;0;0;Não;Não;Não;Não;Não;Não;Não;3 - Sem aliquota;Sim;Sim;Não;Não;Não;Não;Não;Sim;Não;Não;Não;Não;Não;Não;Não;Não;Sim;;https://www.planalto.gov.br/ccivil_03/leis/lcp/lcp214.htm#art26;9 - Fornecimento Incompatível com SN;"Art. 25. Não são contribuintes da CBS, ressalvado o disposto no art. 19, caput inciso III:
I - o condomínio edilício;
§ 4º Em relação ao condomínio edilício de que trata o inciso I do caput:
I - caso exerça a opção pelo regime regular, nos termos do § 1º, a CBS incidirá sobre todas as taxas e demais valores cobrados pelo condomínio dos seus condôminos e de terceiros; e
II - caso não exerça a opção pelo regime regular e desde que as taxas e demais valores condominiais cobrados de seus condôminos representem menos de 80% (oitenta por cento) da receita total do condomínio:
a) ficará sujeito à incidência da CBS sobre as operações com bens e com serviços que realizar de acordo com o disposto no art. 19, caput, inciso I; e
b) apropriará créditos na proporção da receita decorrente das operações tributadas na forma da alínea “a”, em relação à receita total do condomínio.";"Art. 25. Não são contribuintes do IBS, ressalvado o disposto no inciso III do art. 19: 
I - o condomínio edilício;
§ 4º Em relação ao condomínio edilício de que trata o inciso I do caput deste artigo:
I - caso exerça a opção pelo regime regular, nos termos do § 1º, o IBS incidirá sobre todas as taxas e demais valores cobrados pelo condomínio dos seus condôminos e de terceiros; e
II - caso não exerça a opção pelo regime regular e desde que as taxas e demais valores condominiais cobrados de seus condôminos representem menos de 80% (oitenta por cento) da receita total do condomínio:
a) ficará sujeito à incidência do IBS sobre as operações com bens e com serviços que realizar de acordo com o disposto no inciso I do caput do art. 19; e
b) apropriará créditos na proporção da receita decorrente das operações tributadas na forma da alínea “a”, em relação à receita total do condomínio."
410;Imunidade e não incidência;Não;Não;Não;Não;Não;Não;Não;Não;410013;Exportações de combustíveis, observado o art. 98 da Lei Complementar nº 214, de 2025.;0;0;Não;Não;Não;Não;Não;Não;Não;3 - Sem aliquota;Sim;Não;Não;Não;Não;Não;Não;Não;Não;Não;Não;Não;Não;Não;Não;Não;Sim;;https://www.planalto.gov.br/ccivil_03/leis/lcp/lcp214.htm#art98;3 - Receita Bruta Exportação Direta;Art. 103. Considera-se comprovada a exportação de combustível ou lubrificante fornecido para abastecimento de aeronaves em tráfego internacional e com destino ao exterior, quando formalizado o despacho aduaneiro de exportação, observado o disposto no art. 96.;Art. 103. Considera-se comprovada a exportação de combustível ou lubrificante fornecido para abastecimento de aeronaves em tráfego internacional e com destino ao exterior, quando formalizado o despacho aduaneiro de exportação, observado o disposto no art. 96. 
410;Imunidade e não incidência;Não;Não;Não;Não;Não;Não;Não;Não;410014;Fornecimento de produtor rural não contribuinte, observado o art. 164 da Lei Complementar nº 214, de 2025.;0;0;Não;Sim;Não;Não;Não;Não;Não;3 - Sem aliquota;Sim;Sim;Não;Não;Não;Não;Não;Sim;Não;Não;Não;Não;Não;Não;Não;Não;Sim;;https://www.planalto.gov.br/ccivil_03/leis/lcp/lcp214.htm#art164;1 - Receita Bruta Interna;"Art. 239. Não são considerados contribuintes da CBS:
I - o produtor rural pessoa física ou jurídica que auferir, no ano-calendário, receita inferior a R$ 3.600.000,00 (três milhões e seiscentos mil reais);
II - o produtor rural integrado, pessoa física ou jurídica.";"Art. 239. Não são considerados contribuintes do IBS:
I - o produtor rural pessoa física ou jurídica que auferir, no ano-calendário, receita inferior a R$ 3.600.000,00 (três milhões e seiscentos mil reais);
II - o produtor rural integrado, pessoa física ou jurídica."
410;Imunidade e não incidência;Não;Não;Não;Não;Não;Não;Não;Não;410015;Fornecimento por transportador autônomo não contribuinte, observado o art. 169 da Lei Complementar nº 214, de 2025.;0;0;Não;Não;Não;Não;Não;Não;Não;3 - Sem aliquota;Não;Não;Sim;Não;Não;Não;Não;Sim;Não;Não;Não;Não;Não;Não;Não;Não;Sim;;https://www.planalto.gov.br/ccivil_03/leis/lcp/lcp214.htm#art169;9 - Fornecimento Incompatível com SN;Art. 250. O contribuinte da CBS sujeito ao regime regular poderá apropriar créditos presumidos do referido tributo relativos às aquisições de serviço de transporte de carga de transportador autônomo pessoa física que não seja contribuinte do referido tributo ou que seja inscrito como MEI. ;Art. 250. O contribuinte de IBS sujeito ao regime regular poderá apropriar créditos presumidos do referido tributo relativos às aquisições de serviço de transporte de carga de transportador autônomo pessoa física que não seja contribuinte do referido tributo ou que seja inscrito como MEI.
410;Imunidade e não incidência;Não;Não;Não;Não;Não;Não;Não;Não;410016;Fornecimento ou aquisição de resíduos sólidos, observado o art. 170 da Lei Complementar nº 214, de 2025.;0;0;Não;Sim;Não;Não;Não;Não;Não;3 - Sem aliquota;Sim;Não;Não;Não;Não;Não;Não;Não;Não;Não;Não;Não;Não;Não;Não;Não;Sim;;https://www.planalto.gov.br/ccivil_03/leis/lcp/lcp214.htm#art170;1 - Receita Bruta Interna;Art. 256. O contribuinte de CBS sujeito ao regime regular poderá apropriar créditos presumidos do referido tributo relativos às aquisições de resíduos sólidos de coletores incentivados para utilização em processo de destinação final ambientalmente adequada.;Art. 256. O contribuinte de IBS sujeito ao regime regular poderá apropriar créditos presumidos do referido tributo relativos às aquisições de resíduos sólidos de coletores incentivados para utilização em processo de destinação final ambientalmente adequada.
410;Imunidade e não incidência;Não;Não;Não;Não;Não;Não;Não;Não;410017;Aquisição de bem móvel com crédito presumido sob condição de revenda realizada, observado o art. 171 da Lei Complementar nº 214, de 2025.;0;0;Não;Não;Não;Não;Não;Não;Não;3 - Sem aliquota;Sim;Não;Não;Não;Não;Não;Não;Não;Não;Não;Não;Não;Não;Não;Não;Não;Sim;;https://www.planalto.gov.br/ccivil_03/leis/lcp/lcp214.htm#art171;0 - Não Receita Bruta;Art. 258. O contribuinte de CBS sujeito ao regime regular poderá apropriar créditos presumidos do referido tributo relativos às aquisições, para revenda, de bem móvel usado de pessoa física que não seja contribuinte do referido tributo ou que seja inscrita como MEI.;Art. 258. O contribuinte de IBS sujeito ao regime regular poderá apropriar créditos presumidos do referido tributo relativos às aquisições, para revenda, de bem móvel usado de pessoa física que não seja contribuinte do referido tributo ou que seja inscrita como MEI
410;Imunidade e não incidência;Não;Não;Não;Não;Não;Não;Não;Não;410018;Operações relacionadas aos fundos garantidores e executores de políticas públicas, inclusive de habitação, previstos em lei, assim entendidas os serviços prestados ao fundo pelo seu agente operador e por entidade encarregada da sua administração, observado o art. 213 da Lei Complementar nº 214, de 2025.;0;0;Não;Não;Não;Não;Não;Não;Não;3 - Sem aliquota;Não;Não;Não;Não;Não;Não;Não;Não;Não;Não;Não;Não;Sim;Não;Sim;Não;Sim;;https://www.planalto.gov.br/ccivil_03/leis/lcp/lcp214.htm#art213;9 - Fornecimento Incompatível com SN;Art. 309. Não ficam sujeitas à incidência da CBS as operações relacionadas aos demais fundos garantidores e executores de políticas públicas, inclusive de habitação e de desenvolvimento regional, previstos em lei.;Art. 309. Não ficam sujeitas à incidência do IBS as operações relacionadas aos demais fundos garantidores e executores de políticas públicas, inclusive de habitação e de desenvolvimento regional, previstos em lei. 
410;Imunidade e não incidência;Não;Não;Não;Não;Não;Não;Não;Não;410019;Exclusão da gorjeta na base de cálculo no fornecimento de alimentação, observado o art. 274 da Lei Complementar nº 214, de 2025.;0;0;Não;Não;Não;Não;Não;Não;Não;3 - Sem aliquota;Sim;Sim;Não;Não;Não;Não;Não;Não;Não;Não;Não;Não;Não;Não;Não;Não;Sim;;https://www.planalto.gov.br/ccivil_03/leis/lcp/lcp214.htm#art274;1 - Receita Bruta Interna;"Art. 399. A base de cálculo da CBS, para efeitos desta Seção, é o valor da operação de fornecimento de alimentação e das bebidas sujeitas ao regime específico de que trata o art. 396.
§ 1º Ficam excluídos da base de cálculo:
I - a gorjeta incidente no fornecimento de alimentação sujeitas ao regime específico, desde que:
a) seja repassada integralmente ao empregado, sem prejuízo dos valores da gorjeta que forem retidos pelo empregador em virtude de determinação legal; e
b) seu valor não exceda a 15% (quinze por cento) do valor total do fornecimento de alimentação e de bebidas;";"Art. 399. A base de cálculo do IBS, para efeitos desta Seção, é o valor da operação de fornecimento de alimentação e das bebidas sujeitas ao regime específico de que trata o art. 396. 
§ 1º Ficam excluídos da base de cálculo:
I - a gorjeta incidente no fornecimento de alimentação sujeita ao regime específico, desde que:
a) seja repassada integralmente ao empregado, sem prejuízo dos valores da gorjeta que forem retidos pelo empregador em virtude de determinação legal; e
b) seu valor não exceda a 15% (quinze por cento) do valor total do fornecimento de alimentação e de bebidas."
410;Imunidade e não incidência;Não;Não;Não;Não;Não;Não;Não;Não;410020;Exclusão do valor de intermediação na base de cálculo no fornecimento de alimentação, observado o art. 274 da Lei Complementar nº 214, de 2025.;0;0;Não;Não;Não;Não;Não;Não;Não;3 - Sem aliquota;Sim;Sim;Não;Não;Não;Não;Não;Não;Não;Não;Não;Não;Não;Não;Não;Não;Sim;;https://www.planalto.gov.br/ccivil_03/leis/lcp/lcp214.htm#art274;1 - Receita Bruta Interna;"Art. 399. A base de cálculo da CBS, para efeitos desta Seção, é o valor da operação de fornecimento de alimentação e das bebidas sujeitas ao regime específico de que trata o art. 396.
§ 1º Ficam excluídos da base de cálculo:
II - os valores não repassados aos bares e restaurantes pelo serviço de entrega e intermediação de pedidos de alimentação e de bebidas por plataforma digital.";"Art. 399. A base de cálculo do IBS, para efeitos desta Seção, é o valor da operação de fornecimento de alimentação e das bebidas sujeitas ao regime específico de que trata o art. 396. 
§ 1º Ficam excluídos da base de cálculo:
II - os valores não repassados aos bares e restaurantes pelo serviço de entrega e intermediação de pedidos de alimentação e de bebidas por plataforma digital."
410;Imunidade e não incidência;Não;Não;Não;Não;Não;Não;Não;Não;410021;Contribuição de que trata o art. 149-A da Constituição Federal, observado o art. 12 da Lei Complementar nº 214, de 2025.;0;0;Não;Não;Não;Não;Não;Não;Não;3 - Sem aliquota;Não;Não;Não;Não;Não;Sim;Não;Não;Não;Não;Não;Não;Não;Não;Não;Não;Sim;;https://www.planalto.gov.br/ccivil_03/leis/lcp/lcp214.htm#art12;9 - Fornecimento Incompatível com SN;"Art. 13. A base de cálculo da CBS é o valor da operação, salvo disposição em contrário prevista neste Regulamento.
§ 2º Não integram a base de cálculo da CBS:
VI - a contribuição de que trata o art. 149-A da Constituição.";"Art. 13. A base de cálculo do IBS é o valor da operação, salvo disposição em contrário prevista neste Regulamento.
§ 2º Não integram a base de cálculo do IBS:
VI - a contribuição de que trata o art. 149-A da Constituição Federal."
410;Imunidade e não incidência;Não;Não;Não;Não;Não;Não;Não;Não;410022;"Consolidação da propriedade pelo credor de bens móveis ou imóveis que tenham sido objeto de garantia, observado o art. 200 da Lei Complementar nº 214, de 2025.
";0;0;Não;Não;Não;Não;Não;Não;Não;3 - Sem aliquota;Não;Não;Não;Não;Não;Não;Não;Não;Não;Não;Não;Não;Sim;Não;Não;Não;Sim;;https://www.planalto.gov.br/ccivil_03/leis/lcp/lcp214.htm#art200;0 - Não Receita Bruta;"Art. 294. Na alienação de bens móveis ou imóveis que tenham sido objeto de garantia constituída em favor de credor sujeito ao regime específico desta Seção, cuja propriedade tenha sido por ele consolidada ou a ele transmitida em pagamento da dívida, deverá ser observado o seguinte: 
I - a consolidação da propriedade do bem pelo credor não estará sujeita à incidência da CBS; ";"Art. 294. Na alienação de bens móveis ou imóveis que tenham sido objeto de garantia constituída em favor de credor sujeito ao regime específico desta Seção, cuja propriedade tenha sido por ele consolidada ou a ele transmitida em pagamento da dívida, deverá ser observado o seguinte: 
I - a consolidação da propriedade do bem pelo credor não estará sujeita à incidência do IBS;"
410;Imunidade e não incidência;Não;Não;Não;Não;Não;Não;Não;Não;410023;"Alienação de bens móveis ou imóveis que tenham sido objeto de garantia constituída em favor de credor em que o prestador da garantia não seja contribuinte, observado o art. 200 da Lei Complementar nº 214, de 2025.
";0;0;Não;Não;Não;Não;Não;Não;Não;3 - Sem aliquota;Não;Não;Não;Não;Não;Não;Não;Não;Não;Não;Não;Não;Sim;Não;Não;Não;Sim;;https://www.planalto.gov.br/ccivil_03/leis/lcp/lcp214.htm#art200;9 - Fornecimento Incompatível com SN;"Art. 294. Na alienação de bens móveis ou imóveis que tenham sido objeto de garantia constituída em favor de credor sujeito ao regime específico desta Seção, cuja propriedade tenha sido por ele consolidada ou a ele transmitida em pagamento da dívida, deverá ser observado o seguinte: 
II - na alienação do bem pelo credor:
a) não haverá incidência do IBS e da CBS, se o prestador da garantia não for contribuinte desses tributos;";"Art. 294. Na alienação de bens móveis ou imóveis que tenham sido objeto de garantia constituída em favor de credor sujeito ao regime específico desta Seção, cuja propriedade tenha sido por ele consolidada ou a ele transmitida em pagamento da dívida, deverá ser observado o seguinte: 
II - na alienação do bem pelo credor:
a) não haverá incidência do IBS, se o prestador da garantia não for contribuinte do IBS no regime regular; "
410;Imunidade e não incidência;Não;Não;Não;Não;Não;Não;Não;Não;410024;"Consolidação da propriedade pelo grupo de consórcio de bem que tenha sido objeto de garantia, observado o art. 204 da Lei Complementar nº 214, de 2025.
";0;0;Não;Não;Não;Não;Não;Não;Não;3 - Sem aliquota;Não;Não;Não;Não;Não;Não;Não;Não;Não;Não;Não;Não;Sim;Não;Não;Não;Sim;;https://www.planalto.gov.br/ccivil_03/leis/lcp/lcp214.htm#art204;1 - Receita Bruta Interna;"Art. 299. Na administração de consórcio de que trata o art. 269, caput, inciso VII, para fins de determinação da base de cálculo, as receitas dos serviços compreendem todas as tarifas, comissões e taxas, bem como os respectivos encargos, multas e juros, decorrentes de contrato de participação em grupo de consórcio, efetivamente pagas, pelo regime de caixa.
§ 5º Na execução de garantia de consorciado, com recebimento dos valores pelo grupo de consórcio, deverá ser observado o seguinte:
I - a consolidação da propriedade do bem pelo grupo de consórcio não estará sujeita à incidência da CBS;";"Art. 299. Na administração de consórcio de que trata o inciso VII do caput do art. 269, para fins de determinação da base de cálculo, as receitas dos serviços compreendem todas as tarifas, comissões e taxas, bem como os respectivos encargos, multas e juros, decorrentes de contrato de participação em grupo de consórcio, efetivamente pagas, pelo regime de caixa.
§ 5º Na execução de garantia de consorciado, com recebimento dos valores pelo grupo de consórcio, deverá ser observado o seguinte:
I - a consolidação da propriedade do bem pelo grupo de consórcio não estará sujeita à incidência do IBS;"
410;Imunidade e não incidência;Não;Não;Não;Não;Não;Não;Não;Não;410025;"Alienação de bem que tenha sido objeto de garantia constituída em favor do grupo de consórcio em que o prestador da garantia não seja contribuinte, observado o art. 204 da Lei Complementar nº 214, de 2025.
";0;0;Não;Não;Não;Não;Não;Não;Não;3 - Sem aliquota;Não;Não;Não;Não;Não;Não;Não;Não;Não;Não;Não;Não;Sim;Não;Não;Não;Sim;;https://www.planalto.gov.br/ccivil_03/leis/lcp/lcp214.htm#art204;9 - Fornecimento Incompatível com SN;"Art. 299. Na administração de consórcio de que trata o art. 269, caput, inciso VII, para fins de determinação da base de cálculo, as receitas dos serviços compreendem todas as tarifas, comissões e taxas, bem como os respectivos encargos, multas e juros, decorrentes de contrato de participação em grupo de consórcio, efetivamente pagas, pelo regime de caixa.
§ 5º Na execução de garantia de consorciado, com recebimento dos valores pelo grupo de consórcio, deverá ser observado o seguinte:
II - na alienação do bem pelo grupo de consórcio:
a) não haverá incidência da CBS, se o consorciado não for contribuinte da CBS;";"Art. 299. Na administração de consórcio de que trata o inciso VII do caput do art. 269, para fins de determinação da base de cálculo, as receitas dos serviços compreendem todas as tarifas, comissões e taxas, bem como os respectivos encargos, multas e juros, decorrentes de contrato de participação em grupo de consórcio, efetivamente pagas, pelo regime de caixa.
§ 5º Na execução de garantia de consorciado, com recebimento dos valores pelo grupo de consórcio, deverá ser observado o seguinte:
II - na alienação do bem pelo grupo de consórcio:
a) não haverá incidência do IBS, se o consorciado não for contribuinte do IBS;"
410;Imunidade e não incidência;Não;Não;Não;Não;Não;Não;Não;Não;410026;"Doações sem contraprestação em benefício do doador, com anulação de crédito apropriados pelo doador referente ao fornecimento doado, observado o art. 6º da Lei Complementar nº 214, de 2025.
";0;0;Não;Não;Sim;Não;Não;Não;Não;3 - Sem aliquota;Sim;Sim;Sim;Sim;Sim;Sim;Sim;Sim;Sim;Sim;Sim;Sim;Sim;Sim;Sim;Não;Sim;;"https://www.planalto.gov.br/ccivil_03/leis/lcp/lcp214.htm#art6
";0 - Não Receita Bruta;"Art. 6º A CBS não incide sobre:
VIII - doações sem contraprestação em benefício do doador;
§ 2º Caso as doações de que trata o inciso VIII do caput tenham por objeto bens ou serviços que tenham permitido a apropriação de créditos pelo doador, inclusive na produção:
II - por opção do contribuinte, os créditos serão anulados.";"Art. 6º O IBS não incide sobre:
VIII - doações sem contraprestação em benefício do doador;
§ 2º Caso as doações de que trata o inciso VIII do caput deste artigo tenham por objeto bens ou serviços que tenham permitido a apropriação de créditos pelo doador, inclusive na produção:
II - por opção do contribuinte, os créditos serão anulados."
410;Imunidade e não incidência;Não;Não;Não;Não;Não;Não;Não;Não;410027;Fornecimento de bens e serviços, desde que vinculados direta e exclusivamente à exportação de bens materiais ou associados à entrega no exterior de bens materiais, observado o art. 6º da Lei Complementar nº 214, de 2025.;0;0;Não;Não;Não;Não;Não;Não;Não;3 - Sem aliquota;Sim;Não;Sim;Sim;Não;Não;Não;Sim;Não;Não;Não;Não;Não;Não;Não;Não;Sim;;https://www.planalto.gov.br/ccivil_03/leis/lcp/lcp214.htm#art80;3 - Receita Bruta Exportação Direta;"Art. 92. Para fins do disposto no art. 90, considera-se exportação de serviço ou de bem imaterial, inclusive direitos, o fornecimento para residente ou domiciliado no exterior e consumo no exterior.
II - o fornecimento dos seguintes bens e serviços, desde que vinculados direta e exclusivamente à exportação de bens materiais ou associados à entrega no exterior de bens materiais:
a) intermediação na distribuição de mercadorias no exterior – comissão de agente;
b) seguro de cargas;
c) despacho aduaneiro;
d) armazenagem de mercadorias;
e) transporte rodoviário, ferroviário, aéreo, aquaviário ou multimodal de cargas;
f) manuseio de cargas;
g) manuseio de contêineres;
h) unitização ou desunitização de cargas;
i) consolidação ou desconsolidação documental de cargas;
j) agenciamento de transporte de carga;
k) remessas expressas;
l) pesagem e medição de cargas;
m) refrigeração de cargas;
n) arrendamento mercantil operacional ou locação de contêineres;
o) instalação e montagem de mercadorias exportadas; e
p) treinamento para uso de mercadorias exportadas.";"Art. 92. Para fins do disposto no art. 90, considera-se exportação de serviço ou de bem imaterial, inclusive direitos, o fornecimento para residente ou domiciliado no exterior e consumo no exterior.
II - o fornecimento dos seguintes bens e serviços, desde que vinculados direta e exclusivamente à exportação de bens materiais ou associados à entrega no exterior de bens materiais:
a) intermediação na distribuição de mercadorias no exterior (comissão de agente);
b) seguro de cargas;
c) despacho aduaneiro;
d) armazenagem de mercadorias;
e) transporte rodoviário, ferroviário, aéreo, aquaviário ou multimodal de cargas;
f) manuseio de cargas;
g) manuseio de contêineres;
h) unitização ou desunitização de cargas;
i) consolidação ou desconsolidação documental de cargas;
j) agenciamento de transporte de carga;
k) remessas expressas;
l) pesagem e medição de cargas;
m) refrigeração de cargas;
n) arrendamento mercantil operacional ou locação de contêineres;
o) instalação e montagem de mercadorias exportadas; e
p) treinamento para uso de mercadorias exportadas."
410;Imunidade e não incidência;Não;Não;Não;Não;Não;Não;Não;Não;410028;Operações com bens imóveis realizadas por pessoas físicas não consideradas contribuintes do regime regular do IBS e da CBS, observado o art. 251 da Lei Complementar nº 214, de 2025.;0;0;Não;Não;Não;Não;Não;Não;Não;3 - Sem aliquota;Não;Não;Não;Não;Não;Não;Não;Sim;Não;Não;Não;Não;Sim;Não;Não;Não;Sim;;https://www.planalto.gov.br/ccivil_03/leis/lcp/lcp214.htm#art251;9 - Fornecimento Incompatível com SN;Art. 382. As pessoas físicas que realizarem operações com bens imóveis serão consideradas contribuintes do regime regular da CBS e sujeitas ao regime de que trata este Capítulo, nas seguintes hipóteses:;Art. 382. As pessoas físicas que realizarem operações com bens imóveis serão consideradas contribuintes do regime regular do IBS e sujeitas ao regime de que trata este Capítulo, nas seguintes hipóteses:
410;Imunidade e não incidência;Não;Não;Não;Não;Não;Não;Não;Não;410029;Operações não sujeitas à incidência de IBS e de CBS, alcançadas apenas por obrigação acessória do ICMS, observado o art. 4º da Lei Complementar nº 214, de 2025.;0;0;Não;Não;Não;Não;Não;Não;Não;3 - Sem aliquota;Sim;Sim;Não;Não;Não;Não;Não;Não;Não;Não;Não;Não;Não;Não;Não;Não;Sim;;https://www.planalto.gov.br/ccivil_03/leis/lcp/lcp214.htm#art4;0 - Não Receita Bruta;"Art. 4º A CBS incide sobre operações onerosas com bens ou com serviços. 
§ 2º Para fins do disposto neste artigo, considera-se operação onerosa com bens ou com serviços qualquer fornecimento com contraprestação, incluindo o decorrente de:
I - compra e venda, troca ou permuta, dação em pagamento e demais espécies de alienação;
II - locação;
III - licenciamento, concessão, cessão;
IV - mútuo oneroso;
V - doação com contraprestação em benefício do doador;
VI - instituição onerosa de direitos reais;
VII - arrendamento, inclusive mercantil; e
VIII - prestação de serviços.";"Art. 4º O IBS incide sobre operações onerosas com bens ou com serviços.
§ 2º Para fins do disposto neste artigo, considera-se operação onerosa com bens ou com serviços qualquer fornecimento com contraprestação, incluindo o decorrente de:
I - compra e venda, troca ou permuta, dação em pagamento e demais espécies de alienação;
II - locação;
III - licenciamento, concessão, cessão;
IV - mútuo oneroso;
V - doação com contraprestação em benefício do doador;
VI - instituição onerosa de direitos reais;
VII - arrendamento, inclusive mercantil; e
VIII - prestação de serviços."
410;Imunidade e não incidência;Não;Não;Não;Não;Não;Não;Não;Não;410030;Estorno de crédito apropriado de bens adquiridos e venham a perecer, deteriorar-se ou ser objeto de roubo, furto ou extravio, observado o art. 47 da Lei Complementar nº 214, de 2025.;0;0;Não;Não;Sim;Não;Não;Não;Não;3 - Sem aliquota;Sim;Não;Não;Não;Não;Não;Não;Não;Não;Não;Não;Não;Não;Não;Não;Não;Sim;;https://www.planalto.gov.br/ccivil_03/leis/lcp/lcp214.htm#art47;0 - Não Receita Bruta;Art. 48. Caso o bem adquirido venha a perecer, deteriorar-se ou ser objeto de roubo, furto ou extravio, os créditos relacionados a sua aquisição, inclusive os de serviços, deverão ser estornados, mediante emissão de documento fiscal vinculado ao documento fiscal de aquisição, com a indicação dos valores de CBS referentes ao bem adquirido, de forma discriminada.;Art. 48. Caso o bem adquirido venha a perecer, deteriorar-se ou ser objeto de roubo, furto ou extravio, os créditos relacionados à sua aquisição, inclusive os de serviços, deverão ser estornados, mediante emissão de documento fiscal vinculado ao documento fiscal de aquisição, com a indicação dos valores de IBS referentes ao bem adquirido, de forma discriminada. 
410;Imunidade e não incidência;Não;Não;Não;Não;Não;Não;Não;Não;410031;Fornecimento em período anterior ao início de vigência de incidências de CBS e IBS, observado o art. 544 da Lei Complementar nº 214, de 2025.;0;0;Não;Não;Não;Não;Não;Não;Não;3 - Sem aliquota;Sim;Não;Não;Não;Não;Sim;Sim;Não;Não;Não;Sim;Não;Não;Sim;Não;Não;Sim;;https://www.planalto.gov.br/ccivil_03/leis/lcp/lcp214.htm#art544;1 - Receita Bruta Interna;;
410;Imunidade e não incidência;Não;Não;Não;Não;Não;Não;Não;Não;410032;Tributos incidentes na operação que não integram a base de cálculo do IBS e da CBS, observado o art. 12 da Lei Complementar nº 214, de 2025.;0;0;Não;Não;Não;Não;Não;Não;Não;3 - Sem aliquota;Não;Não;Não;Não;Não;Sim;Sim;Não;Não;Não;Sim;Não;Não;Sim;Não;Não;Sim;;https://www.planalto.gov.br/ccivil_03/leis/lcp/lcp214.htm#art12;0 - Não Receita Bruta;"Art. 13. A base de cálculo da CBS é o valor da operação, salvo disposição em contrário prevista neste Regulamento.
§ 2º Não integram a base de cálculo da CBS:
V - o montante incidente na operação dos tributos a que se referem os art. 155, caput, inciso II, inclusive aquele retido por substituição tributária nas operações anteriores, art. 156, caput, inciso III, e art. 195, caput, inciso I, alínea “b”, e inciso IV, da Constituição, e da Contribuição para os Programas de Integração Social e de Formação do Patrimônio do Servidor Público – Contribuição para o PIS/PASEP a que se refere o art. 239 da Constituição, de 1º de janeiro de 2026 a 31 de dezembro de 2032;";"Art. 13. A base de cálculo do IBS é o valor da operação, salvo disposição em contrário prevista neste Regulamento.
§ 2º Não integram a base de cálculo do IBS:
V - o montante incidente na operação dos tributos a que se referem o inciso II do caput do art. 155, inclusive aquele retido por substituição tributária nas operações anteriores, o inciso III do caput do art. 156 e a alínea “b” do inciso I e o inciso IV do caput do art. 195 da Constituição Federal, e da Contribuição para os Programas de Integração Social e de Formação do Patrimônio do Servidor Público (Contribuição para o PIS/Pasep) a que se refere o art. 239 da Constituição Federal, de 1º de janeiro de 2026 a 31 de dezembro de 2032;"
410;Imunidade e não incidência;Não;Não;Não;Não;Não;Não;Não;Não;410033;Operações com bens imóveis, inclusive operações com direitos reais sobre bens imóveis, realizadas por Fundos de Investimento Imobiliário (FII) e Fundos de Investimento nas Cadeias Produtivas do Agronegócio (Fiagro), observado o art. 26 da Lei Complementar nº 214, de 2025.;0;0;Não;Não;Não;Não;Não;Não;Não;3 - Sem aliquota;Não;Não;Não;Não;Não;Não;Não;Sim;Não;Não;Não;Não;Sim;Não;Não;Não;Sim;;https://www.planalto.gov.br/ccivil_03/leis/lcp/lcp214.htm#art26;9 - Fornecimento Incompatível com SN;"Art. 25.
§ 7º Para fins do disposto no inciso V do caput, não são contribuintes da CBS:
I - os Fundos de Investimento Imobiliário – FII e os Fundos de Investimento nas Cadeias Produtivas do Agronegócio – Fiagro, de que trata a Lei nº 8.668, de 25 de junho de 1993, que realizem operações com bens imóveis, inclusive operações com direitos reais sobre bens imóveis, e que, cumulativamente:
(...)
II - os FII e os Fiagro que realizem operações com bens imóveis, inclusive operações com direitos reais sobre bens imóveis, e que não atendam às condições estabelecidas no inciso I, cujas cotas sejam detidas, direta ou indiretamente, em mais de 95% (noventa e cinco por cento), por:";"Art. 25.
§ 7º Para fins do disposto no inciso V do caput deste artigo, não são contribuintes do IBS:
I - os Fundos de Investimento Imobiliário (FII) e os Fundos de Investimento nas Cadeias Produtivas do Agronegócio (Fiagro), de que trata a Lei nº 8.668, de 25 de junho de 1993, que realizem operações com bens imóveis, inclusive operações com direitos reais sobre bens imóveis, e que, cumulativamente:
(...)
II - os FII e os Fiagro que realizem operações com bens imóveis, inclusive operações com direitos reais sobre bens imóveis, e que não atendam às condições estabelecidas no inciso I deste parágrafo, cujas cotas sejam detidas, direta ou indiretamente, em mais de 95% (noventa e cinco por cento), por:"
410;Imunidade e não incidência;Não;Não;Não;Não;Não;Não;Não;Não;410034;Fundos de investimento cujo patrimônio seja constituído exclusivamente por aplicações em participações societárias, certificados, direitos, títulos, valores mobiliários e demais ativos financeiros permitidos pela Comissão de Valores Mobiliários, observado o art. 26 da Lei Complementar nº 214, de 2025.;0;0;Não;Não;Não;Não;Não;Não;Não;3 - Sem aliquota;Não;Não;Não;Não;Não;Não;Não;Sim;Não;Não;Não;Não;Não;Não;Sim;Não;Sim;;https://www.planalto.gov.br/ccivil_03/leis/lcp/lcp214.htm#art26;9 - Fornecimento Incompatível com SN;"Art. 25.
§ 7º Para fins do disposto no inciso V do caput, não são contribuintes da CBS:
III - os demais fundos de investimento cujo patrimônio seja constituído exclusivamente por aplicações em participações societárias, certificados, direitos, títulos, valores mobiliários e demais ativos financeiros permitidos pela Comissão de Valores Mobiliários, observado o disposto nos § 9º e § 11.";"Art. 25.
§ 7º Para fins do disposto no inciso V do caput deste artigo, não são contribuintes do IBS:
III - os demais fundos de investimento cujo patrimônio seja constituído exclusivamente por aplicações em participações societárias, certificados, direitos, títulos, valores mobiliários e demais ativos financeiros permitidos pela Comissão de Valores Mobiliários, observado o disposto nos §§ 9º e 11."
410;Imunidade e não incidência;Não;Não;Não;Não;Não;Não;Não;Não;410035;Fornecimento realizado por nanoempreendedor, observado o art. 26 da Lei Complementar nº 214, de 2025.;0;0;Não;Não;Não;Não;Não;Não;Não;3 - Sem aliquota;Sim;Sim;Sim;Sim;Não;Não;Não;Sim;Não;Não;Não;Não;Não;Não;Não;Não;Sim;;https://www.planalto.gov.br/ccivil_03/leis/lcp/lcp214.htm#art26;9 - Fornecimento Incompatível com SN;"Art. 25. Não são contribuintes da CBS, ressalvado o disposto no art. 19, caput inciso III:
IV - o nanoempreendedor, assim entendido a pessoa física que tenha auferido receita bruta inferior a 50% (cinquenta por cento) do limite estabelecido para adesão ao regime do Microempreendedor Individual – MEI previsto no art. 18-A, § 1º, da Lei Complementar nº 123, de 14 de dezembro de 2006, observado, ainda, o disposto no art. 18-A ,§ 4º e § 4º-B, da referida Lei Complementar, e não tenha aderido a esse regime;";"Art. 25. Não são contribuintes do IBS, ressalvado o disposto no inciso III do art. 19: 
IV - o nanoempreendedor, assim entendido a pessoa física que tenha auferido receita bruta inferior a 50% (cinquenta por cento) do limite estabelecido para adesão ao regime do Microempreendedor Individual (MEI) previsto no § 1º do art. 18-A, observado, ainda, o disposto nos §§ 4º e 4º-B do referido artigo, todos da Lei Complementar nº 123, de 14 de dezembro de 2006, e não tenha aderido a esse regime;"
410;Imunidade e não incidência;Não;Não;Não;Não;Não;Não;Não;Não;410036;Descontos incondicionais, observado o art. 12 da Lei Complementar nº 214, de 2025.;0;0;Não;Não;Não;Não;Não;Não;Não;3 - Sem aliquota;Não;Não;Não;Não;Não;Sim;Sim;Não;Não;Não;Sim;Não;Não;Sim;Não;Não;Não;;https://www.planalto.gov.br/ccivil_03/leis/lcp/lcp214.htm#art12;0 - Não Receita Bruta;"Art. 13. A base de cálculo da CBS é o valor da operação, salvo disposição em contrário prevista neste Regulamento.
§ 2º Não integram a base de cálculo da CBS:
III - os descontos incondicionais;";"Art. 13. A base de cálculo do IBS é o valor da operação, salvo disposição em contrário prevista neste Regulamento.
§ 2º Não integram a base de cálculo do IBS:
III - os descontos incondicionais;"
410;Imunidade e não incidência;Não;Não;Não;Não;Não;Não;Não;Não;410037;Importação de bens materiais sem incidência de IBS e CBS, observado o art. 66 da Lei Complementar nº 214, de 2025.;0;0;Não;Não;Não;Não;Não;Não;Não;3 - Sem aliquota;Não;Não;Não;Não;Não;Não;Não;Não;Não;Não;Não;Não;Não;Não;Não;Não;Sim;;https://www.planalto.gov.br/ccivil_03/leis/lcp/lcp214.htm#art66;0 - Não Receita Bruta;"Art. 76. Não constituem fatos geradores da CBS sobre a importação os bens materiais: 
I - que retornem ao País, ao respectivo exportador, nas seguintes hipóteses:
a) enviados em consignação e não vendidos no prazo autorizado;
b) devolvidos por motivo de defeito técnico, para reparo ou para substituição;
c) por motivo de modificações na sistemática de importação por parte do País importador;
d) por motivo de guerra ou de calamidade pública; ou
e) por outros fatores alheios à vontade do exportador;
III - que sejam idênticos, em igual quantidade e valor, e que se destinem à reposição de outros anteriormente importados que se tenham revelado, após sua liberação pela autoridade aduaneira, defeituosos ou imprestáveis para o fim a que se destinavam;
VII - aos quais tenha sido aplicado o regime de exportação temporária;";"Art. 76. Não constituem fatos geradores do IBS sobre a importação os bens materiais: I - que retornem ao País, ao respectivo exportador, nas seguintes hipóteses:
a) enviados em consignação e não vendidos no prazo autorizado;
b) devolvidos por motivo de defeito técnico, para reparo ou para substituição;
c) por motivo de modificações na sistemática de importação por parte do país importador;
d) por motivo de guerra ou de calamidade pública; ou
e) por outros fatores alheios à vontade do exportador;
III - que sejam idênticos, em igual quantidade e valor, e que se destinem à reposição de outros anteriormente importados que se tenham revelado, após sua liberação pela autoridade aduaneira, defeituosos ou imprestáveis para o fim a que se destinavam;
VII - aos quais tenha sido aplicado o regime de exportação temporária;"
410;Imunidade e não incidência;Não;Não;Não;Não;Não;Não;Não;Não;410999;Operações não onerosas sem previsão de tributação, não especificadas anteriormente, observado o art. 4º da Lei Complementar nº 214, de 2025.;0;0;Não;Não;Não;Não;Não;Não;Não;3 - Sem aliquota;Sim;Sim;Sim;Sim;Sim;Sim;Sim;Sim;Sim;Sim;Sim;Não;Sim;Sim;Não;Não;Não;;https://www.planalto.gov.br/ccivil_03/leis/lcp/lcp214.htm#art4;0 - Não Receita Bruta;"Art. 4º A CBS incide sobre operações onerosas com bens ou com serviços.
§ 1º As operações não onerosas com bens ou com serviços serão tributadas nas hipóteses expressamente previstas neste Regulamento.";"Art. 4º O IBS incide sobre operações onerosas com bens ou com serviços.
§ 1º As operações não onerosas com bens ou com serviços serão tributadas nas hipóteses expressamente previstas neste Regulamento."
510;Diferimento;Sim;Não;Não;Não;Sim;Não;Não;Não;510001;Operações, sujeitas a diferimento, com energia elétrica ou com direitos a ela relacionados, relativas à importação, geração, comercialização, distribuição e transmissão, observado o art. 28 da Lei Complementar nº 214, de 2025.;0;0;Não;Não;Não;Não;Não;Não;Não;3 - Sem aliquota;Sim;Não;Não;Não;Não;Sim;Não;Não;Não;Não;Não;Não;Não;Não;Não;Não;Não;90281;https://www.planalto.gov.br/ccivil_03/leis/lcp/lcp214.htm#art28;2 - Receita Bruta Interna sem Cálculo IBS/CBS;"Art. 22. Nas operações com energia elétrica ou com direitos a ela relacionados, o recolhimento da CBS relativa a importação, geração, comercialização, distribuição e transmissão será realizado exclusivamente:
§ 1º O recolhimento da CBS incidente nas operações com energia elétrica, ou com direitos a ela relacionados, relativas a importação, geração, comercialização, distribuição e transmissão ocorrerá somente no fornecimento:
I - para consumo; ou
II - para contribuinte não sujeito ao regime regular da CBS.";"Art. 22. Nas operações com energia elétrica ou com direitos a ela relacionados, o recolhimento do IBS relativo a importação, geração, comercialização, distribuição e transmissão será realizado exclusivamente:
§ 1º O recolhimento do IBS incidente nas operações com energia elétrica, ou com direitos a ela relacionados, relativas a importação, geração, comercialização, distribuição e transmissão ocorrerá somente no fornecimento:
I - para consumo; ou
II - para contribuinte não sujeito ao regime regular do IBS."
515;Diferimento com redução de alíquota;Sim;Não;Sim;Não;Sim;Não;Não;Não;515001;Operações, sujeitas a diferimento, com insumos agropecuários e aquícolas, observado o art. 138 da Lei Complementar nº 214, de 2025.;60;60;Não;Não;Não;Não;Não;Não;Não;2 - Padrão;Sim;Não;Não;Não;Não;Não;Não;Sim;Não;Não;Não;Não;Não;Não;Não;Não;Não;9;"https://www.planalto.gov.br/ccivil_03/leis/lcp/lcp214.htm#art138
";1 - Receita Bruta Interna;Art. 214. Fica diferido o recolhimento da CBS nas seguintes operações com insumos agropecuários e aquícolas mencionados no art. 213: ;Art. 214. Fica diferido o recolhimento do IBS nas seguintes operações com insumos agropecuários e aquícolas mencionados no art. 213:
550;Suspensão;Sim;Não;Não;Não;Não;Não;Não;Não;550001;Exportações de bens materiais, observado o art. 82 da Lei Complementar nº 214, de 2025.;0;0;Sim;Não;Não;Não;Não;Não;Não;3 - Sem aliquota;Sim;Não;Não;Não;Não;Não;Não;Não;Não;Não;Não;Não;Não;Não;Não;Não;Sim;;https://www.planalto.gov.br/ccivil_03/leis/lcp/lcp214.htm#art82;4 - Receita Bruta Exportação Indireta;Art. 97. Poderá ser suspenso o pagamento da CBS no fornecimento de bens materiais com o fim específico de exportação a empresa comercial exportadora que atenda cumulativamente aos seguintes requisitos:;Art. 97. Poderá ser suspenso o pagamento do IBS no fornecimento de bens materiais com o fim específico de exportação a empresa comercial exportadora que atenda cumulativamente aos seguintes requisitos: 
550;Suspensão;Sim;Não;Não;Não;Não;Não;Não;Não;550002;Regime de Trânsito, observado o art. 84 da Lei Complementar nº 214, de 2025.;0;0;Sim;Não;Não;Não;Não;Não;Não;3 - Sem aliquota;Sim;Não;Não;Não;Não;Não;Não;Não;Não;Não;Não;Não;Não;Não;Não;Não;Não;;https://www.planalto.gov.br/ccivil_03/leis/lcp/lcp214.htm#art84;0 - Não Receita Bruta;Art. 152. Fica suspenso o pagamento da CBS incidente na importação enquanto os bens materiais estiverem submetidos ao regime aduaneiro especial de trânsito aduaneiro, em qualquer de suas modalidades, observada a disciplina estabelecida na legislação aduaneira.;Art. 152. Fica suspenso o pagamento do IBS incidente na importação enquanto os bens materiais estiverem submetidos ao regime aduaneiro especial de trânsito aduaneiro, em qualquer de suas modalidades, observada a disciplina estabelecida na legislação aduaneira. 
550;Suspensão;Sim;Não;Não;Não;Não;Não;Não;Não;550003;Regimes de Depósito, observado o art. 85 da Lei Complementar nº 214, de 2025.;0;0;Sim;Não;Não;Não;Não;Não;Não;3 - Sem aliquota;Sim;Não;Não;Não;Não;Não;Não;Não;Não;Não;Não;Não;Não;Não;Não;Não;Não;;https://www.planalto.gov.br/ccivil_03/leis/lcp/lcp214.htm#art85;0 - Não Receita Bruta;Art. 154. Fica suspenso o pagamento da CBS incidente na importação enquanto os bens materiais estiverem submetidos a regime aduaneiro especial de depósito, observada a disciplina estabelecida na legislação aduaneira. ;Art. 154. Fica suspenso o pagamento do IBS incidente na importação enquanto os bens materiais estiverem submetidos a regime aduaneiro especial de depósito, observada a disciplina estabelecida na legislação aduaneira.
550;Suspensão;Sim;Não;Não;Não;Não;Não;Não;Não;550004;Regimes de Depósito, observado o art. 87 da Lei Complementar nº 214, de 2025.;0;0;Sim;Não;Não;Não;Não;Não;Não;3 - Sem aliquota;Sim;Não;Não;Não;Não;Não;Não;Não;Não;Não;Não;Não;Não;Não;Não;Não;Não;;https://www.planalto.gov.br/ccivil_03/leis/lcp/lcp214.htm#art87;4 - Receita Bruta Exportação Indireta;Art. 158. Fica suspenso o pagamento da CBS incidente na importação e na aquisição no mercado interno enquanto os bens materiais estiverem submetidos a regime aduaneiro especial de lojas francas, observada a disciplina estabelecida na legislação aduaneira.;Art. 158. Fica suspenso o pagamento do IBS incidente na importação e na aquisição no mercado interno enquanto os bens materiais estiverem submetidos a regime aduaneiro especial de lojas francas, observada a disciplina estabelecida na legislação aduaneira. 
550;Suspensão;Sim;Não;Não;Não;Não;Não;Não;Não;550005;Regimes de Depósito, observado o art. 87 da Lei Complementar nº 214, de 2025.;0;0;Sim;Não;Não;Não;Não;Não;Não;3 - Sem aliquota;Sim;Não;Não;Não;Não;Não;Não;Não;Não;Não;Não;Não;Não;Não;Não;Não;Sim;;https://www.planalto.gov.br/ccivil_03/leis/lcp/lcp214.htm#art87;4 - Receita Bruta Exportação Indireta;Art. 102. Considera-se efetivada a exportação de bens materiais destinados ao uso ou consumo de bordo, em aeronaves exclusivamente em tráfego internacional com destino ao exterior e entregues em zona primária alfandegada ou área de porto organizado alfandegado, quando formalizado o despacho aduaneiro de exportação, observado o disposto no art. 96.;Art. 102. Considera-se efetivada a exportação de bens materiais destinados ao uso ou consumo de bordo, em aeronaves exclusivamente em tráfego internacional com destino ao exterior e entregues em zona primária alfandegada ou área de porto organizado alfandegado, quando formalizado o despacho aduaneiro de exportação, observado o disposto no art. 96.
550;Suspensão;Sim;Não;Não;Não;Não;Não;Não;Não;550006;Regimes de Permanência Temporária, observado o art. 88 da Lei Complementar nº 214, de 2025.;0;0;Sim;Não;Não;Não;Não;Não;Não;3 - Sem aliquota;Sim;Não;Não;Não;Não;Não;Não;Não;Não;Não;Não;Não;Não;Não;Não;Não;Não;;https://www.planalto.gov.br/ccivil_03/leis/lcp/lcp214.htm#art88;0 - Não Receita Bruta;"Art. 159. São espécies de regimes aduaneiros especiais de permanência temporária:
I - admissão temporária; 
§ 1º Fica suspenso o pagamento da CBS incidente na importação enquanto os bens materiais estiverem submetidos ao regime aduaneiro especial de que trata o inciso I do caput, observada a disciplina estabelecida na legislação aduaneira.";"Art. 159. São espécies de regimes aduaneiros especiais de permanência temporária:
I - admissão temporária; § 1º Fica suspenso o pagamento do IBS incidente na importação enquanto os bens materiais estivere 
submetidos ao regime aduaneiro especial de que trata o inciso I do caput deste artigo, observada a disciplina estabelecida na legislação aduaneira. "
550;Suspensão;Sim;Não;Não;Não;Não;Não;Não;Não;550007;Regimes de Aperfeiçoamento, observado o art. 90 da Lei Complementar nº 214, de 2025.;0;0;Sim;Não;Não;Não;Não;Não;Não;3 - Sem aliquota;Sim;Não;Não;Não;Não;Não;Não;Não;Não;Não;Não;Não;Não;Não;Não;Não;Não;;https://www.planalto.gov.br/ccivil_03/leis/lcp/lcp214.htm#art90;0 - Não Receita Bruta;"Art. 161. São espécies de regimes aduaneiros especiais de aperfeiçoamento: 
I - entreposto industrial sob controle aduaneiro informatizado (Recof);
II - drawback, na modalidade de suspensão;
III - admissão temporária para aperfeiçoamento ativo;
§ 1º Fica suspenso o pagamento da CBS incidente na importação enquanto os bens materiais estiverem submetidos aos regimes aduaneiros especiais de aperfeiçoamento de que tratam os incisos I a III do caput, observada a disciplina estabelecida na legislação aduaneira";"Art. 161. São espécies de regimes aduaneiros especiais de aperfeiçoamento: 
I - entreposto industrial sob controle aduaneiro informatizado (Recof);
II - drawback, na modalidade de suspensão;
III - admissão temporária para aperfeiçoamento ativo; 
§ 1º Fica suspenso o pagamento do IBS incidente na importação enquanto os bens materiais estiverem submetidos aos regimes aduaneiros especiais de aperfeiçoamento de que tratam os incisos I a III do caput deste artigo, observada a disciplina estabelecida na legislação aduaneira."
550;Suspensão;Sim;Não;Não;Não;Não;Não;Não;Não;550008;Importação de bens para o Regime de Repetro-Temporário, de que tratam o inciso I do art. 93 da Lei Complementar nº 214, de 2025.;0;0;Sim;Não;Não;Não;Não;Não;Não;3 - Sem aliquota;Sim;Não;Não;Não;Não;Não;Não;Não;Não;Não;Não;Não;Não;Não;Não;Não;Não;;https://www.planalto.gov.br/ccivil_03/leis/lcp/lcp214.htm#art93;0 - Não Receita Bruta;"Art. 164. Observada a disciplina estabelecida na legislação aduaneira, fica suspenso o pagamento da CBS enquanto os bens materiais estiverem submetidos ao Regime Aduaneiro Especial Aplicável ao Setor de Petróleo e Gás – Repetro, nas seguintes operações: 
I - importação de bens destinados às atividades de exploração, de desenvolvimento e de produção de petróleo, de gás natural e de outros hidrocarbonetos fluidos previstas na legislação específica, cuja permanência no País seja de natureza temporária (Repetro-Temporário);";"Art. 164. Observada a disciplina estabelecida na legislação aduaneira, fica suspenso o pagamento do IBS enquanto os bens materiais estiverem submetidos ao Regime Aduaneiro Especial Aplicável ao Setor de Petróleo e Gás (Repetro), nas seguintes operações:
I - importação de bens destinados às atividades de exploração, de desenvolvimento e de produção de petróleo, de gás natural e de outros hidrocarbonetos fluidos previstas na legislação específica, cuja permanência no País seja de natureza temporária (Repetro-Temporário);"
550;Suspensão;Sim;Não;Não;Não;Não;Não;Não;Não;550009;GNL-Temporário, de que trata o inciso II do art. 93 da Lei Complementar nº 214, de 2025.;0;0;Sim;Não;Não;Não;Não;Não;Não;3 - Sem aliquota;Sim;Não;Não;Não;Não;Não;Não;Não;Não;Não;Não;Não;Não;Não;Não;Não;Não;;https://www.planalto.gov.br/ccivil_03/leis/lcp/lcp214.htm#art93;0 - Não Receita Bruta;"Art. 164. Observada a disciplina estabelecida na legislação aduaneira, fica suspenso o pagamento da CBS enquanto os bens materiais estiverem submetidos ao Regime Aduaneiro Especial Aplicável ao Setor de Petróleo e Gás – Repetro, nas seguintes operações: 
II - importação de bens destinados às atividades de transporte, movimentação, transferência, armazenamento ou regaseificação de gás natural liquefeito (GNL-Temporário);";"Art. 164. Observada a disciplina estabelecida na legislação aduaneira, fica suspenso o pagamento do IBS enquanto os bens materiais estiverem submetidos ao Regime Aduaneiro Especial Aplicável ao Setor de Petróleo e Gás (Repetro), nas seguintes operações:
II - importação de bens destinados às atividades de transporte, movimentação, transferência, armazenamento ou regaseificação de gás natural liquefeito (GNL-Temporário);"
550;Suspensão;Sim;Não;Não;Não;Não;Não;Não;Não;550010;Repetro-Permanente, de que trata o inciso III do art. 93 da Lei Complementar nº 214, de 2025.;0;0;Sim;Não;Não;Não;Não;Não;Não;3 - Sem aliquota;Sim;Não;Não;Não;Não;Não;Não;Não;Não;Não;Não;Não;Não;Não;Não;Não;Não;;https://www.planalto.gov.br/ccivil_03/leis/lcp/lcp214.htm#art93;0 - Não Receita Bruta;"Art. 164. Observada a disciplina estabelecida na legislação aduaneira, fica suspenso o pagamento da CBS enquanto os bens materiais estiverem submetidos ao Regime Aduaneiro Especial Aplicável ao Setor de Petróleo e Gás – Repetro, nas seguintes operações: 
III - importação de bens cuja permanência no País seja definitiva e que sejam destinados às atividades a que se refere o inciso I do caput (Repetro-Permanente);";"Art. 164. Observada a disciplina estabelecida na legislação aduaneira, fica suspenso o pagamento do IBS enquanto os bens materiais estiverem submetidos ao Regime Aduaneiro Especial Aplicável ao Setor de Petróleo e Gás (Repetro), nas seguintes operações:
III - importação de bens cuja permanência no País seja definitiva e que sejam destinados às atividades a que se refere o inciso I do caput deste artigo (Repetro-Permanente);"
550;Suspensão;Sim;Não;Não;Não;Não;Não;Não;Não;550011;Repetro-Industrialização, de que trata o inciso IV do art. 93 da Lei Complementar nº 214, de 2025.;0;0;Sim;Não;Não;Não;Não;Não;Não;3 - Sem aliquota;Sim;Não;Não;Não;Não;Não;Não;Não;Não;Não;Não;Não;Não;Não;Não;Não;Não;;https://www.planalto.gov.br/ccivil_03/leis/lcp/lcp214.htm#art93;1 - Receita Bruta Interna;"Art. 164. Observada a disciplina estabelecida na legislação aduaneira, fica suspenso o pagamento da CBS enquanto os bens materiais estiverem submetidos ao Regime Aduaneiro Especial Aplicável ao Setor de Petróleo e Gás – Repetro, nas seguintes operações: 
IV - importação ou aquisição no mercado interno de matérias-primas, produtos intermediários e materiais de embalagem para serem utilizados integralmente no processo produtivo de produto final a ser fornecido a empresa que o destine às atividades a que se refere o inciso I do caput (Repetro-Industrialização);";"Art. 164. Observada a disciplina estabelecida na legislação aduaneira, fica suspenso o pagamento do IBS enquanto os bens materiais estiverem submetidos ao Regime Aduaneiro Especial Aplicável ao Setor de Petróleo e Gás (Repetro), nas seguintes operações:
IV - importação ou aquisição no mercado interno de matérias-primas, produtos intermediários e materiais de embalagem para serem utilizados integralmente no processo produtivo de produto final a ser fornecido a empresa que o destine às atividades a que se refere o inciso I do caput deste artigo (RepetroIndustrialização);"
550;Suspensão;Sim;Não;Não;Não;Não;Não;Não;Não;550012;Repetro-Nacional, de que trata o inciso V do art. 93 da Lei Complementar nº 214, de 2025.;0;0;Sim;Não;Não;Não;Não;Não;Não;3 - Sem aliquota;Sim;Não;Não;Não;Não;Não;Não;Não;Não;Não;Não;Não;Não;Não;Não;Não;Sim;;https://www.planalto.gov.br/ccivil_03/leis/lcp/lcp214.htm#art93;1 - Receita Bruta Interna;"Art. 164. Observada a disciplina estabelecida na legislação aduaneira, fica suspenso o pagamento da CBS enquanto os bens materiais estiverem submetidos ao Regime Aduaneiro Especial Aplicável ao Setor de Petróleo e Gás – Repetro, nas seguintes operações: 
V - aquisição de produto final a que se refere o inciso IV do caput (Repetro-Nacional); ";"Art. 164. Observada a disciplina estabelecida na legislação aduaneira, fica suspenso o pagamento do IBS enquanto os bens materiais estiverem submetidos ao Regime Aduaneiro Especial Aplicável ao Setor de Petróleo e Gás (Repetro), nas seguintes operações:
V - aquisição de produto final a que se refere o inciso IV do caput deste artigo (Repetro-Nacional);"
550;Suspensão;Sim;Não;Não;Não;Não;Não;Não;Não;550013;Repetro-Entreposto, de que trata o inciso VI do art. 93 da Lei Complementar nº 214, de 2025.;0;0;Sim;Não;Não;Não;Não;Não;Não;3 - Sem aliquota;Sim;Não;Não;Não;Não;Não;Não;Não;Não;Não;Não;Não;Não;Não;Não;Não;Não;;https://www.planalto.gov.br/ccivil_03/leis/lcp/lcp214.htm#art93;1 - Receita Bruta Interna;"Art. 164. Observada a disciplina estabelecida na legislação aduaneira, fica suspenso o pagamento da CBS enquanto os bens materiais estiverem submetidos ao Regime Aduaneiro Especial Aplicável ao Setor de Petróleo e Gás – Repetro, nas seguintes operações: 
VI - importação ou aquisição no mercado interno de bens para conversão ou construção de outros bens no País, contratada por empresa sediada no exterior, cujo produto final deverá ser destinado às atividades a que se refere o inciso I do caput (Repetro-Entreposto).";"Art. 164. Observada a disciplina estabelecida na legislação aduaneira, fica suspenso o pagamento do IBS enquanto os bens materiais estiverem submetidos ao Regime Aduaneiro Especial Aplicável ao Setor de Petróleo e Gás (Repetro), nas seguintes operações:
VI - importação ou aquisição no mercado interno de bens para conversão ou construção de outros bens no País, contratada por empresa sediada no exterior, cujo produto final deverá ser destinado às atividades a que se refere o inciso I do caput deste artigo (Repetro-Entreposto)."
550;Suspensão;Sim;Não;Não;Não;Não;Não;Não;Não;550014;Zona de Processamento de Exportação, observado os arts. 99, 100 e 102 da Lei Complementar nº 214, de 2025.;0;0;Sim;Não;Não;Não;Não;Não;Não;3 - Sem aliquota;Sim;Não;Não;Não;Não;Não;Não;Não;Não;Não;Não;Não;Não;Não;Não;Não;Não;;https://www.planalto.gov.br/ccivil_03/leis/lcp/lcp214.htm#art99;4 - Receita Bruta Exportação Indireta;"Art. 179. As importações ou as aquisições no mercado interno de máquinas, de aparelhos, de instrumentos e de equipamentos realizadas por empresa autorizada a operar em zonas de processamento de exportação serão efetuadas com suspensão do pagamento da CBS.
Art. 180. As importações ou as aquisições no mercado interno de matérias-primas, de produtos intermediários e de materiais de embalagem realizadas por empresa autorizada a operar em zonas de processamento de exportação serão efetuadas com suspensão do pagamento da CBS.
Art. 182. Aplica-se o tratamento estabelecido nos art. 179 e art. 180 às aquisições de máquinas, de aparelhos, de instrumentos, de equipamentos, de matérias-primas, de produtos intermediários e de materiais de embalagem realizadas entre empresas autorizadas a operar em zonas de processamento de exportação.";"Art. 179. As importações ou as aquisições no mercado interno de máquinas, de aparelhos, de instrumentos e de equipamentos realizadas por empresa autorizada a operar em zonas de processamento de exportação serão efetuadas com suspensão do pagamento do IBS.
Art. 180. As importações ou as aquisições no mercado interno de matérias-primas, de produtos intermediários e de materiais de embalagem realizadas por empresa autorizada a operar em zonas de processamento de exportação serão efetuadas com suspensão do pagamento do IBS.
Art. 182. Aplica-se o tratamento estabelecido nos arts. 179 e 180 às aquisições de máquinas, de aparelhos, de instrumentos, de equipamentos, de matérias-primas, de produtos intermediários e de materiais de embalagem realizadas entre empresas autorizadas a operar em zonas de processamento de exportação. "
550;Suspensão;Sim;Não;Não;Não;Não;Não;Não;Não;550015;Regime Tributário para Incentivo à Modernização e à Ampliação da Estrutura Portuária - Reporto, observado o art. 105 da Lei Complementar nº 214, de 2025.;0;0;Sim;Não;Não;Não;Não;Não;Não;3 - Sem aliquota;Sim;Não;Não;Não;Não;Não;Não;Não;Não;Não;Não;Não;Não;Não;Não;Não;Não;;https://www.planalto.gov.br/ccivil_03/leis/lcp/lcp214.htm#art105;1 - Receita Bruta Interna;Art. 186. Observada a disciplina estabelecida na legislação específica, serão efetuadas com suspensão do pagamento da CBS as importações e as aquisições no mercado interno de máquinas, equipamentos, peças de reposição e outros bens, realizadas diretamente pelos beneficiários do Regime Tributário para Incentivo à Modernização e à Ampliação da Estrutura Portuária – Reporto e destinadas ao seu ativo imobilizado para utilização exclusiva na execução de serviços de:;Art. 186. Observada a disciplina estabelecida na legislação específica, serão efetuadas com suspensão do pagamento do IBS as importações e as aquisições no mercado interno de máquinas, equipamentos, peças de reposição e outros bens realizadas diretamente pelos beneficiários do Regime Tributário para Incentivo à Modernização e à Ampliação da Estrutura Portuária (Reporto) e destinadas ao seu ativo imobilizado para utilização exclusiva na execução de serviços de:
550;Suspensão;Sim;Não;Não;Não;Não;Não;Não;Não;550016;Regime Especial de Incentivos para o Desenvolvimento da Infraestrutura - Reidi, observado o art. 106 da Lei Complementar nº 214, de 2025.;0;0;Sim;Não;Não;Não;Não;Não;Não;3 - Sem aliquota;Sim;Não;Não;Não;Não;Não;Não;Sim;Não;Não;Não;Não;Não;Não;Não;Não;Não;;https://www.planalto.gov.br/ccivil_03/leis/lcp/lcp214.htm#art106;1 - Receita Bruta Interna;Art. 187. Observada a disciplina estabelecida na legislação específica, serão efetuadas com suspensão do pagamento da CBS as importações e as aquisições no mercado interno de máquinas, aparelhos, instrumentos e equipamentos, novos, e de materiais de construção, realizadas diretamente pelos beneficiários do Regime Especial de Incentivos para o Desenvolvimento da Infraestrutura – Reidi para utilização ou incorporação em obras de infraestrutura destinadas ao ativo imobilizado.;Art. 187. Observada a disciplina estabelecida na legislação específica, serão efetuadas com suspensão do pagamento do IBS as importações e as aquisições no mercado interno de máquinas, aparelhos, instrumentos e equipamentos, novos, e de materiais de construção, realizadas diretamente pelos beneficiários do Regime Especial de Incentivos para o Desenvolvimento da Infraestrutura (Reidi) para utilização ou incorporação em obras de infraestrutura destinadas ao ativo imobilizado. 
550;Suspensão;Sim;Não;Não;Não;Não;Não;Não;Não;550017;Regime Tributário para Incentivo à Atividade Econômica Naval – Renaval, observado o art. 107 da Lei Complementar nº 214, de 2025.;0;0;Sim;Não;Não;Não;Não;Não;Não;3 - Sem aliquota;Sim;Não;Não;Não;Não;Não;Não;Não;Não;Não;Não;Não;Não;Não;Não;Não;Não;;https://www.planalto.gov.br/ccivil_03/leis/lcp/lcp214.htm#art107;1 - Receita Bruta Interna;"Art. 189. O Regime Tributário para Incentivo à Atividade Econômica Naval – Renaval permite aos beneficiários previamente habilitados, a suspensão do pagamento de CBS: 
I - nos fornecimentos de embarcações registradas ou pré-registradas no Registro Especial Brasileiro – REB, instituído pelo art. 11 da Lei nº 9.432, de 8 de janeiro de 1997, para incorporação ao ativo imobilizado de adquirente sujeito ao regime regular da CBS;";"Art. 189. O Regime Tributário para Incentivo à Atividade Econômica Naval (Renaval) permite aos beneficiários previamente habilitados, suspensão do pagamento de IBS:
I - nos fornecimentos de embarcações registradas ou pré-registradas no Registro Especial Brasileiro (REB), instituído pelo art. 11 da Lei nº 9.432, de 8 de janeiro de 1997, para incorporação ao ativo imobilizado de adquirente sujeito ao regime regular do IBS;"
550;Suspensão;Sim;Não;Não;Não;Não;Não;Não;Não;550018;Desoneração da aquisição de bens de capital, observado o art. 109 da Lei Complementar nº 214, de 2025.;0;0;Sim;Não;Não;Não;Não;Não;Não;3 - Sem aliquota;Sim;Não;Não;Não;Não;Não;Não;Não;Não;Não;Não;Não;Não;Não;Não;Não;Não;;https://www.planalto.gov.br/ccivil_03/leis/lcp/lcp214.htm#art109;1 - Receita Bruta Interna;Art. 196. As importações e aquisições no mercado interno, por contribuinte no regime regular, de bens de capital referidos na Tabela I do Anexo IV serão realizadas com suspensão do pagamento da CBS, não se aplicando o disposto no art. 195.;Art. 196. As importações e aquisições no mercado interno, por contribuinte no regime regular, de bens de capital referidos na Tabela I do Anexo IV serão realizadas com suspensão do pagamento do IBS, não se aplicando o disposto no art. 195. 
550;Suspensão;Sim;Não;Não;Não;Não;Não;Não;Não;550019;Importação de bem material por indústria incentivada para utilização na Zona Franca de Manaus, observado o art. 443 da Lei Complementar nº 214, de 2025.;0;0;Sim;Não;Não;Não;Não;Não;Não;3 - Sem aliquota;Sim;Não;Não;Não;Não;Não;Não;Não;Não;Não;Não;Não;Não;Não;Não;Não;Não;;https://www.planalto.gov.br/ccivil_03/leis/lcp/lcp214.htm#art443;0 - Não Receita Bruta;Art. 528. Fica suspensa a incidência da CBS na importação de bem material realizada por indústria incentivada para utilização na Zona Franca de Manaus. ;Art. 514. Fica suspensa a incidência do IBS na importação de bem material realizada por indústria incentivada para utilização na Zona Franca de Manaus.
550;Suspensão;Sim;Não;Não;Não;Não;Não;Não;Não;550020;Áreas de livre comércio, observado o art. 461 da Lei Complementar nº 214, de 2025.;0;0;Sim;Não;Não;Não;Não;Não;Não;3 - Sem aliquota;Sim;Não;Não;Não;Não;Não;Não;Não;Não;Não;Não;Não;Não;Não;Não;Não;Não;;https://www.planalto.gov.br/ccivil_03/leis/lcp/lcp214.htm#art461;0 - Não Receita Bruta;Art. 536. Fica suspensa a incidência da CBS na importação de bem material realizada por indústria habilitada na forma do art. 438, caput, inciso II, e sujeita ao regime regular da CBS para incorporação em seu processo produtivo.;Art. 525. Fica suspensa a incidência do IBS na importação de bem material realizada por indústria habilitada na forma do inciso II do caput do art. 438 e sujeita ao regime regular do IBS para incorporação em seu processo produtivo. 
550;Suspensão;Sim;Não;Não;Não;Não;Não;Não;Não;550021;"Fornecimento de produtos agropecuários in natura para contribuinte do regime regular que promova industrialização destinada a exportação, observado o art. 82 da Lei Complementar nº 214, de 2025.
";0;0;Sim;Não;Não;Não;Não;Não;Não;3 - Sem aliquota;Sim;Não;Não;Não;Não;Não;Não;Não;Não;Não;Não;Não;Não;Não;Não;Não;Não;;"https://www.planalto.gov.br/ccivil_03/leis/lcp/lcp214.htm#art82
";4 - Receita Bruta Exportação Indireta;"Art. 99. Também fica suspenso o pagamento da CBS no fornecimento de produtos agropecuários in natura, nos termos do art. 212, § 1º, para contribuinte do regime regular que promova industrialização destinada à exportação para o exterior:
";Art. 99. Também fica suspenso o pagamento do IBS no fornecimento de produtos agropecuários in natura, nos termos do § 1º do art. 212, para contribuinte do regime regular que promova industrialização destinada à exportação para o exterior:
550;Suspensão;Sim;Não;Não;Não;Não;Não;Não;Não;550022;Regime Especial de Incentivos para a Produção de Hidrogênio de Baixa Emissão de Carbono (Rehidro),  observado o art. 106 da Lei Complementar nº 214, de 2025.;0;0;Sim;Não;Não;Não;Não;Não;Não;3 - Sem aliquota;Sim;Não;Não;Não;Não;Não;Não;Sim;Não;Não;Não;Não;Não;Não;Não;Não;Não;;https://www.planalto.gov.br/ccivil_03/leis/lcp/lcp214.htm#art106;1 - Receita Bruta Interna;Art. 188. O disposto no art. 187 aplica-se também aos beneficiários do Regime Especial de Incentivos para a Produção de Hidrogênio de Baixa Emissão de Carbono – Rehidro, instituído pela Lei nº 14.948, de 2 de agosto de 2024, desde que previamente habilitados.;Art. 188. O disposto no art. 187 aplica-se também aos beneficiários do Regime Especial de Incentivos para a Produção de Hidrogênio de Baixa Emissão de Carbono (Rehidro), instituído pela Lei nº 14.948, de 2 de agosto de 2024, desde que previamente habilitados.
550;Suspensão;Sim;Não;Não;Não;Não;Não;Não;Não;550023;Operações com hidrocarbonetos líquidos derivados de petróleo não combustíveis ou de gás natural, inclusive nafta, observado o art. 172 da Lei Complementar nº 214, de 2025.;0;0;Sim;Não;Não;Não;Não;Não;Não;3 - Sem aliquota;Sim;Não;Não;Não;Não;Não;Não;Não;Não;Não;Não;Não;Não;Não;Não;Não;Não;;https://www.planalto.gov.br/ccivil_03/leis/lcp/lcp214.htm#art172;1 - Receita Bruta Interna;"Art. 259. 
§ 3º Ato conjunto da RFB e do CGIBS preverá hipóteses de suspensão da CBS e do IBS incidentes nas operações com hidrocarbonetos líquidos derivados de petróleo não combustíveis ou de gás natural, inclusive nafta, desde que:
I - os adquirentes sejam centrais petroquímicas devidamente autorizadas pela ANP;
II - sejam utilizados como insumo pela indústria petroquímica; e
III - obedeçam a critérios e condições estabelecidos no referido ato conjunto.";"Art. 259.
§ 3º Ato conjunto da RFB e do CGIBS preverá hipóteses de suspensão do IBS e da CBS incidentes nas operações com hidrocarbonetos líquidos derivados de petróleo não combustíveis ou de gás natural, inclusive nafta, desde que:
I - os adquirentes sejam Centrais Petroquímicas devidamente autorizadas pela ANP;
II - sejam utilizados como insumo pela indústria petroquímica; e
III - obedeçam a critérios e condições estabelecidos no referido ato conjunto."
550;Suspensão;Sim;Não;Não;Não;Não;Não;Não;Não;550024;Importações e nas aquisições no mercado interno de máquinas, equipamentos e veículos destinados a utilização nas atividades de que trata o inciso IIIdo art. 107 efetuadas para incorporação a seu ativo imobilizado, observado o art. 107 da Lei Complementar nº 214, de 2025.;0;0;Sim;Não;Não;Não;Não;Não;Não;3 - Sem aliquota;Não;Não;Não;Não;Não;Não;Não;Não;Não;Não;Não;Não;Não;Não;Não;Não;Sim;;https://www.planalto.gov.br/ccivil_03/leis/lcp/lcp214.htm#art107;1 - Receita Bruta Interna;"Art. 189. O Regime Tributário para Incentivo à Atividade Econômica Naval – Renaval permite aos beneficiários previamente habilitados, a suspensão do pagamento de CBS: 
II - nas importações e nas aquisições no mercado interno de máquinas, equipamentos e veículos destinados a utilização nas atividades de que trata o inciso III do caput, efetuadas para incorporação a seu ativo imobilizado; ";"Art. 189. O Regime Tributário para Incentivo à Atividade Econômica Naval (Renaval) permite aos beneficiários previamente habilitados, suspensão do pagamento de IBS:
II - nas importações e nas aquisições no mercado interno de máquinas, equipamentos e veículos destinados a utilização nas atividades de que trata o inciso III do caput deste artigo, efetuadas para incorporação a seu ativo imobilizado; "
550;Suspensão;Sim;Não;Não;Não;Não;Não;Não;Não;550025;Importações e nas aquisições no mercado interno de matérias-primas, produtos intermediários, partes, peças e componentes para utilização na construção, conservação, modernização e reparo de embarcações pré-registradas ou registradas no REB, observado o art. 107 da Lei Complementar nº 214, de 2025.;0;0;Sim;Não;Não;Não;Não;Não;Não;3 - Sem aliquota;Não;Não;Não;Não;Não;Não;Não;Não;Não;Não;Não;Não;Não;Não;Não;Não;Sim;;https://www.planalto.gov.br/ccivil_03/leis/lcp/lcp214.htm#art107;1 - Receita Bruta Interna;"Art. 189. O Regime Tributário para Incentivo à Atividade Econômica Naval – Renaval permite aos beneficiários previamente habilitados, a suspensão do pagamento de CBS: 
III - nas importações e nas aquisições no mercado interno de matérias-primas, produtos intermediários, partes, peças e componentes para utilização na construção, na conservação, na modernização e no reparo de embarcações pré-registradas ou registradas no REB.";"Art. 189. O Regime Tributário para Incentivo à Atividade Econômica Naval (Renaval) permite aos beneficiários previamente habilitados, suspensão do pagamento de IBS: 
III - nas importações e nas aquisições no mercado interno de matérias-primas, produtos intermediários, partes, peças e componentes para utilização na construção, conservação, modernização e reparo de embarcações pré-registradas ou registradas no REB."
620;Tributação Monofásica;Não;Não;Não;Não;Não;Sim;Não;Não;620001;Tributação monofásica sobre combustíveis, observados os art. 172 da Lei Complementar nº 214, de 2025.;0;0;Não;Não;Não;Sim;Não;Não;Não;2 - Padrão;Sim;Não;Não;Não;Não;Não;Não;Não;Não;Não;Não;Não;Não;Não;Não;Não;Não;91721;https://www.planalto.gov.br/ccivil_03/leis/lcp/lcp214.htm#art172;9 - Fornecimento Incompatível com SN;Art. 259. A CBS incidirá uma única vez sobre as operações, ainda que iniciadas no exterior, com os seguintes combustíveis, qualquer que seja a sua finalidade:;Art. 259. O IBS incidirá uma única vez sobre as operações, ainda que iniciadas no exterior, com os seguintes combustíveis, qualquer que seja a sua finalidade:
620;Tributação Monofásica;Não;Não;Não;Não;Não;Sim;Não;Não;620002;Tributação monofásica com responsabilidade pela retenção sobre combustíveis, observado o art. 178 da Lei Complementar nº 214, de 2025.;0;0;Não;Não;Não;Sim;Sim;Não;Não;2 - Padrão;Sim;Não;Não;Não;Não;Não;Não;Não;Não;Não;Não;Não;Não;Não;Não;Não;Não;91722;https://www.planalto.gov.br/ccivil_03/leis/lcp/lcp214.htm#art178;9 - Fornecimento Incompatível com SN;Art. 265. Fica atribuída à refinaria de petróleo ou suas bases, à CPQ, ao formulador de combustíveis e ao importador, relativamente ao percentual de biocombustível utilizado na mistura, nas operações com gasolina A, a responsabilidade pela retenção e pelo recolhimento da CBS incidente nas importações de EAC ou sobre as saídas do estabelecimento produtor de EAC.;Art. 265. Fica atribuída à refinaria de petróleo ou suas bases, à CPQ, ao formulador de combustíveis e ao importador, relativamente ao percentual de biocombustível utilizado na mistura, nas operações com gasolina A, a responsabilidade pela retenção e pelo recolhimento do IBS incidente nas importações de EAC ou sobre as saídas do estabelecimento produtor de EAC. 
620;Tributação Monofásica;Não;Não;Não;Não;Não;Sim;Não;Não;620003;Tributação monofásica com responsabilidade de retenção de tributos por terceiros, observado o art. 178 da Lei Complementar nº 214, de 2025.;0;0;Não;Não;Não;Sim;Não;Não;Sim;2 - Padrão;Sim;Não;Não;Não;Não;Não;Não;Não;Não;Não;Não;Não;Não;Não;Não;Não;Não;91723;https://www.planalto.gov.br/ccivil_03/leis/lcp/lcp214.htm#art178;9 - Fornecimento Incompatível com SN;"Art. 265. Fica atribuída à refinaria de petróleo ou suas bases, à CPQ, ao formulador de combustíveis e ao importador, relativamente ao percentual de biocombustível utilizado na mistura, nas operações com gasolina A, a responsabilidade pela retenção e pelo recolhimento da CBS incidente nas importações de EAC ou sobre as saídas do estabelecimento produtor de EAC.
§ 3º O produtor de EAC emitirá documento fiscal por ocasião da saída, fazendo constar no campo próprio a expressão “CBS com incidência monofásica com recolhimento realizado por terceiros”.";"Art. 265. Fica atribuída à refinaria de petróleo ou suas bases, à CPQ, ao formulador de combustíveis e ao importador, relativamente ao percentual de biocombustível utilizado na mistura, nas operações com gasolina A, a responsabilidade pela retenção e pelo recolhimento do IBS incidente nas importações de EAC ou sobre as saídas do estabelecimento produtor de EAC. 
§ 3º O produtor de EAC emitirá documento fiscal por ocasião da saída, fazendo constar no campo próprio a expressão “IBS com incidência monofásica com recolhimento realizado por terceiros”."
620;Tributação Monofásica;Não;Não;Não;Não;Não;Sim;Não;Não;620004;Tributação monofásica sobre mistura de EAC com gasolina A em percentual superior ou inferior ao obrigatório, observado o art. 179 da Lei Complementar nº 214, de 2025.;0;0;Não;Não;Não;Não;Não;Sim;Não;2 - Padrão;Sim;Não;Não;Não;Não;Não;Não;Não;Não;Não;Não;Não;Não;Não;Não;Não;Não;91724;https://www.planalto.gov.br/ccivil_03/leis/lcp/lcp214.htm#art179;9 - Fornecimento Incompatível com SN;"Art. 266. Nas operações com EAC:
II - a distribuidora de combustíveis que realizar mistura de EAC com gasolina A em percentual:
a) superior ao obrigatório, fica obrigada a recolher a CBS de que trata o art. 259 em relação ao volume de biocombustível correspondente ao que exceder ao percentual obrigatório de mistura; ";"Art. 266. Nas operações com EAC: 
II - a distribuidora de combustíveis que realizar mistura de EAC com gasolina A em percentual:
a) superior ao obrigatório, fica obrigada a recolher o IBS de que trata o art. 259 em relação ao volume de biocombustível correspondente ao que exceder ao percentual obrigatório de mistura;"
620;Tributação Monofásica;Não;Não;Não;Não;Não;Sim;Não;Não;620005;Tributação monofásica sobre mistura de EAC com gasolina A em percentual superior ou inferior ao obrigatório, observado o art. 179 da Lei Complementar nº 214, de 2025.;0;0;Não;Não;Não;Não;Não;Sim;Não;2 - Padrão;Sim;Não;Não;Não;Não;Não;Não;Não;Não;Não;Não;Não;Não;Não;Não;Não;Não;91725;https://www.planalto.gov.br/ccivil_03/leis/lcp/lcp214.htm#art179;9 - Fornecimento Incompatível com SN;"Art. 266. Nas operações com EAC:
II - a distribuidora de combustíveis que realizar mistura de EAC com gasolina A em percentual:
b) inferior ao obrigatório, ouvida a ANP, e que o tributo tenha sido recolhido anteriormente, terá direito ao ressarcimento da CBS de que trata o art. 259, nos termos de procedimentos a serem estabelecidos em ato conjunto da RFB e do CGIBS, em relação ao volume de biocombustível correspondente ao misturado a menor do que o percentual obrigatório de mistura.";"Art. 266. Nas operações com EAC: 
II - a distribuidora de combustíveis que realizar mistura de EAC com gasolina A em percentual:
b) inferior ao obrigatório, ouvida a ANP, e que o tributo tenha sido recolhido anteriormente, terá direito ao ressarcimento do IBS de que trata o art. 259, nos termos de procedimentos a serem estabelecidos em ato conjunto da RFB e do CGIBS, em relação ao volume de biocombustível correspondente ao misturado a menor do que o percentual obrigatório de mistura."
620;Tributação Monofásica;Não;Não;Não;Não;Não;Sim;Não;Não;620006;Tributação monofásica sobre combustíveis cobrada anteriormente, observador o art. 180 da Lei Complementar nº 214, de 2025.;0;0;Não;Não;Não;Não;Não;Sim;Não;2 - Padrão;Sim;Sim;Não;Não;Não;Não;Não;Não;Não;Não;Não;Não;Não;Não;Não;Não;Não;91726;https://www.planalto.gov.br/ccivil_03/leis/lcp/lcp214.htm#art180;2 - Receita Bruta Interna sem Cálculo IBS/CBS;Art. 267. É vedada a apropriação de créditos em relação às aquisições de combustíveis sujeitos à incidência única da CBS, quando destinadas à distribuição, à comercialização ou à revenda.;Art. 267. É vedada a apropriação de créditos em relação às aquisições de combustíveis sujeitos à incidência única do IBS, quando destinadas à distribuição, à comercialização ou à revenda. 
620;Tributação Monofásica;Não;Não;Não;Não;Não;Sim;Não;Não;620007;Perecimento, deteriorização, roubo, furto ou extravio no regime monofásico sem estorno de crédito, observado o art. 47 da Lei Complementar nº 214, de 2025.;0;0;Não;Não;Não;Não;Não;Não;Não;3 - Sem aliquota;Sim;Não;Não;Não;Não;Não;Não;Não;Não;Não;Não;Não;Não;Não;Não;Não;Não;;https://www.planalto.gov.br/ccivil_03/leis/lcp/lcp214.htm#art47;0 - Não Receita Bruta;Art. 48. Caso o bem adquirido venha a perecer, deteriorar-se ou ser objeto de roubo, furto ou extravio, os créditos relacionados a sua aquisição, inclusive os de serviços, deverão ser estornados, mediante emissão de documento fiscal vinculado ao documento fiscal de aquisição, com a indicação dos valores de CBS referentes ao bem adquirido, de forma discriminada.;Art. 48. Caso o bem adquirido venha a perecer, deteriorar-se ou ser objeto de roubo, furto ou extravio, os créditos relacionados à sua aquisição, inclusive os de serviços, deverão ser estornados, mediante emissão de documento fiscal vinculado ao documento fiscal de aquisição, com a indicação dos valores de IBS referentes ao bem adquirido, de forma discriminada. 
800;Transferência de crédito;Não;Não;Não;Sim;Não;Não;Não;Não;800001;Fusão, cisão ou incorporação, observado o art. 55 da Lei Complementar nº 214, de 2025.;0;0;Não;Não;Não;Não;Não;Não;Não;3 - Sem aliquota;Sim;Não;Não;Não;Não;Não;Não;Sim;Não;Não;Não;Não;Não;Não;Não;Não;Não;;https://www.planalto.gov.br/ccivil_03/leis/lcp/lcp214.htm#art55;0 - Não Receita Bruta;"Art. 55. É vedada a transferência, a qualquer título, para outra pessoa ou entidade sem personalidade jurídica, de créditos da CBS. 
Parágrafo único. Na hipótese de fusão, cisão ou incorporação, os créditos apropriados e ainda não utilizados poderão ser transferidos para a pessoa jurídica sucessora, ficando preservada a data original da apropriação dos créditos para efeitos da contagem do prazo de que trata o art. 54.";"Art. 55. É vedada a transferência, a qualquer título, para outra pessoa ou entidade sem personalidade jurídica, de créditos do IBS.
Parágrafo único. Na hipótese de fusão, cisão ou incorporação, os créditos apropriados e ainda não utilizados poderão ser transferidos para a pessoa jurídica sucessora, ficando preservada a data original da apropriação dos créditos para efeitos da contagem do prazo de que trata o art. 54."
800;Transferência de crédito;Não;Não;Não;Sim;Não;Não;Não;Não;800002;Transferência de crédito do associado, inclusive as cooperativas singulares, para cooperativa de que participa das operações antecedentes às operações em que fornece bens e serviços e os créditos presumidos, observado o art. 272 da Lei Complementar nº 214, de 2025.;0;0;Não;Não;Não;Não;Não;Não;Não;3 - Sem aliquota;Sim;Não;Não;Não;Não;Não;Não;Sim;Não;Não;Não;Não;Não;Não;Não;Não;Não;;https://www.planalto.gov.br/ccivil_03/leis/lcp/lcp214.htm#art272;0 - Não Receita Bruta;Art. 394. O associado sujeito ao regime regular da CBS, inclusive as cooperativas singulares, que realizar operações com a redução de alíquota de que trata o art. 391, caput, inciso I, poderá transferir os créditos das operações antecedentes às operações em que fornece bens e serviços e os créditos presumidos à cooperativa de que participa, não se aplicando o disposto no art. 55.;Art. 394. O associado sujeito ao regime regular do IBS, inclusive as cooperativas singulares, que realizar operações com a redução de alíquota de que trata o inciso I do caput do art. 391 poderá transferir os créditos das operações antecedentes às operações em que fornece bens e serviços e os créditos presumidos à cooperativa de que participa, não se aplicando o disposto no art. 55.
810;Ajuste de IBS na ZFM;Não;Não;Não;Não;Não;Não;Sim;Não;810001;Crédito presumido sobre o valor apurado nos fornecimentos a partir da Zona Franca de Manaus, observado o art. 450 da Lei Complementar nº 214, de 2025.;0;0;Não;Não;Não;Não;Não;Não;Não;3 - Sem aliquota;Sim;Não;Não;Não;Não;Não;Não;Não;Não;Não;Não;Não;Não;Não;Não;Não;Não;;https://www.planalto.gov.br/ccivil_03/leis/lcp/lcp214.htm#art450;0 - Não Receita Bruta;;"Art. 521. Ficam concedidos à indústria incentivada na Zona Franca de Manaus créditos presumidos de IBS relativos à operação que destine ao território nacional, inclusive para a própria Zona Franca de Manaus, bem material produzido pela própria indústria incentivada na referida área, nos termos do projeto técnicoeconômico aprovado, exceto em relação às operações previstas no art. 519.
§ 1º O crédito presumido de IBS de que trata o caput deste artigo será calculado mediante a aplicação dos seguintes percentuais sobre o saldo devedor do IBS no período de apuração:"
811;Ajustes;Não;Não;Não;Não;Não;Não;Não;Sim;811001;"Anulação de crédito proporcional ao valor das operações imunes e isentas, observado o art. 51 da Lei Complementar nº 214, de 2025.
";0;0;Não;Não;Não;Não;Não;Não;Não;3 - Sem aliquota;Sim;Não;Não;Não;Não;Não;Não;Sim;Não;Não;Não;Não;Não;Não;Não;Não;Não;;"https://www.planalto.gov.br/ccivil_03/leis/lcp/lcp214.htm#art51
";0 - Não Receita Bruta;"Art. 52. A imunidade e a isenção acarretarão a anulação dos créditos relativos às operações anteriores.
§ 1º A anulação dos créditos de que trata o caput:
I - será proporcional ao valor das operações imunes e isentas sobre o valor de todas as operações do fornecedor no mesmo período de apuração;";"Art. 52. A imunidade e a isenção acarretarão a anulação dos créditos relativos às operações anteriores.
§ 1º A anulação dos créditos de que trata o caput deste artigo:
I - será proporcional ao valor das operações imunes e isentas sobre o valor de todas as operações do fornecedor no mesmo período de apuração;"
811;Ajustes;Não;Não;Não;Não;Não;Não;Não;Sim;811002;"Débitos de notas fiscais não processadas na apuração, observado o art. 45 da Lei Complementar nº 214, de 2025.
";0;0;Não;Não;Não;Não;Não;Não;Não;3 - Sem aliquota;Sim;Não;Não;Não;Não;Não;Não;Sim;Não;Não;Não;Não;Não;Não;Não;Não;Não;;"https://www.planalto.gov.br/ccivil_03/leis/lcp/lcp214.htm#art45
";0 - Não Receita Bruta;"Art. 44. Para cada período de apuração, o contribuinte deverá apurar o saldo da CBS, que corresponderá à diferença entre os valores:
§ 1º O contribuinte poderá realizar ajustes positivos ou negativos no saldo apurado na forma do caput mediante a emissão de documento fiscal.";"Art. 44. Para cada período de apuração, o contribuinte deverá apurar o saldo do IBS, que corresponderá à diferença entre os valores:
§ 1º O contribuinte poderá realizar ajustes positivos ou negativos no saldo apurado na forma do caput deste artigo mediante a emissão de documento fiscal."
811;Ajustes;Não;Não;Não;Não;Não;Não;Não;Sim;811003;"Débitos apurados após o desenquadramento do regime Simples Nacional, observado o art. 41 da Lei Complementar nº 214, de 2025.
";0;0;Não;Não;Não;Não;Não;Não;Não;3 - Sem aliquota;Sim;Não;Não;Não;Não;Não;Não;Sim;Não;Não;Não;Não;Não;Não;Não;Não;Não;;"https://www.planalto.gov.br/ccivil_03/leis/lcp/lcp214.htm#art41
";0 - Não Receita Bruta;"Art. 41. O regime regular da CBS compreende todas as regras de incidência e de apuração previstas neste Regulamento, incluindo aquelas aplicáveis aos regimes diferenciados e aos regimes específicos.
§ 2º Os contribuintes optantes pelo Simples Nacional ou pelo MEI ficam sujeitos às regras desses regimes.";"Art. 41. O regime regular do IBS compreende todas as regras de incidência e de apuração previstas neste Regulamento, incluindo aquelas aplicáveis aos regimes diferenciados e aos regimes específicos. 
§ 2º Os contribuintes optantes pelo Simples Nacional ou pelo MEI ficam sujeitos às regras desses regimes."
820;Tributação em documento específico;Não;Não;Não;Não;Não;Não;Não;Não;820001;Documento com informações de fornecimento de serviços de planos de assistência à saúde elencados no art. 234 da Lei Complementar nº 214, de 2025, mas com tributação realizada por outro meio;0;0;Não;Não;Não;Não;Não;Não;Não;3 - Sem aliquota;Não;Não;Não;Não;Não;Não;Não;Sim;Não;Não;Não;Não;Não;Não;Não;Não;Não;92341;https://www.planalto.gov.br/ccivil_03/leis/lcp/lcp214.htm#art234;9 - Fornecimento Incompatível com SN;Art. 330. Os planos de assistência à saúde ficam sujeitos a regime específico de incidência da CBS, de acordo com o disposto neste Capítulo, nos casos em que esses serviços sejam prestados por:;Art. 330. Os planos de assistência à saúde ficam sujeitos a regime específico de incidência do IBS, de acordo com o disposto neste Capítulo, nos casos em que esses serviços sejam prestados por: 
820;Tributação em documento específico;Não;Não;Não;Não;Não;Não;Não;Não;820002;Documento com informações de fornecimento de serviços de planos de assinstência funerária, mas com tributação realizada por outro meio, observado o art. 236 da Lei Complementar nº 214, de 2025.;0;0;Não;Não;Não;Não;Não;Não;Não;3 - Sem aliquota;Não;Não;Não;Não;Não;Não;Não;Sim;Não;Não;Não;Não;Não;Não;Não;Não;Não;92361;https://www.planalto.gov.br/ccivil_03/leis/lcp/lcp214.htm#art236;9 - Fornecimento Incompatível com SN;Art. 345. Os planos de assistência funerária ficam sujeitos ao disposto nos art. 330 a art. 343.;Art. 345. Os planos de assistência funerária ficam sujeitos ao disposto nos arts. 330 a 344.
820;Tributação em documento específico;Não;Não;Não;Não;Não;Não;Não;Não;820003;Documento com informações de fornecimento de serviços de planos de assinstência à saúde de animais domésticos, mas com tributação realizada por outro meio, observado o art. 243 da Lei Complementar nº 214, de 2025.;0;0;Não;Não;Não;Não;Não;Não;Não;3 - Sem aliquota;Não;Não;Não;Não;Não;Não;Não;Sim;Não;Não;Não;Não;Não;Não;Não;Não;Não;92431;https://www.planalto.gov.br/ccivil_03/leis/lcp/lcp214.htm#art243;9 - Fornecimento Incompatível com SN;Art. 346. Os planos de assistência à saúde de animais domésticos ficam sujeitos ao disposto nos art. 330 a art. 343, com exceção das alíquotas aplicáveis, que serão nacionalmente uniformes e corresponderão à soma das alíquotas de referência de cada ente federativo, reduzidas em 30% (trinta por cento), vedado o crédito ao adquirente.;Art. 346. Os planos de assistência à saúde de animais domésticos ficam sujeitos ao disposto nos arts. 330 a 344, com exceção das alíquotas aplicáveis, que serão nacionalmente uniformes e corresponderão à soma das alíquotas de referência de cada esfera federativa, reduzidas em 30% (trinta por cento), vedado o crédito ao adquirente. 
820;Tributação em documento específico;Não;Não;Não;Não;Não;Não;Não;Não;820004;Documento com informações de prestação de serviços de consursos de prognósticos, mas com tributação realizada por outro meio, observado o art. 248 da Lei Complementar nº 214, de 2025.;0;0;Não;Não;Não;Não;Não;Não;Não;3 - Sem aliquota;Não;Não;Não;Não;Não;Não;Não;Sim;Não;Não;Não;Não;Não;Não;Não;Não;Não;;https://www.planalto.gov.br/ccivil_03/leis/lcp/lcp214.htm#art248;9 - Fornecimento Incompatível com SN;Art. 355. Os contribuintes sujeitos ao regime específico de que trata este Capítulo ficam obrigados a apresentar, mediante entrega da DeRE, referida no Capítulo II do Título II deste Livro, no mínimo, as informações necessárias para a identificação:;Art. 355. Os contribuintes sujeitos ao regime específico de que trata este Capítulo ficam obrigados a apresentar, mediante entrega da DeRE, referida no Capítulo II do Título II deste Livro, no mínimo as informações necessárias para a identificação:
820;Tributação em documento específico;Não;Não;Não;Não;Não;Não;Não;Não;820005;Documento com informações de alienação de bens imóveis, mas com tributação realizada por outro meio,, observado o art. 254 da Lei Complementar nº 214, de 2025.;0;0;Não;Não;Não;Não;Não;Não;Não;3 - Sem aliquota;Não;Não;Não;Não;Não;Não;Não;Não;Não;Não;Não;Não;Sim;Não;Não;Não;Não;;https://www.planalto.gov.br/ccivil_03/leis/lcp/lcp214.htm#art254;0 - Não Receita Bruta;"Art. 363. Considera-se ocorrido o fato gerador da CBS no momento:
I - do ato de alienação, na alienação de bem imóvel;
§ 1º Para fins do disposto no inciso I do caput, considera-se alienação:
I - a adjudicação;
II - a celebração, inclusive de quaisquer ajustes posteriores, do contrato de alienação, ainda que mediante:
a) instrumento de promessa;
b) carta de reserva com princípio de pagamento; ou
c) qualquer outro documento representativo de compromisso; ou
III - quando implementada a condição suspensiva a que estiver sujeita a alienação.";"Art. 363. Considera-se ocorrido o fato gerador do IBS no momento:
I - do ato de alienação, na alienação de bem imóvel;
§ 1º Para fins do disposto no inciso I do caput deste artigo, considera-se alienação:
I - a adjudicação;
II - a celebração, inclusive de quaisquer ajustes posteriores, do contrato de alienação, ainda que mediante:
a) instrumento de promessa;
b) carta de reserva com princípio de pagamento; ou
c) qualquer outro documento representativo de compromisso; ou
III - quando implementada a condição suspensiva a que estiver sujeita a alienação."
820;Tributação em documento específico;Não;Não;Não;Não;Não;Não;Não;Não;820006;"Documento com informações de fornecimento de serviços de exploração de via, mas com tributação realizada por outro meio, observado o art. 11 da Lei Complementar nº 214, de 2025.
";0;0;Não;Não;Não;Não;Não;Não;Não;3 - Sem aliquota;Não;Não;Não;Não;Não;Não;Não;Sim;Não;Não;Não;Não;Não;Não;Não;Não;Não;90111;"https://www.planalto.gov.br/ccivil_03/leis/lcp/lcp214.htm#art11
";0 - Não Receita Bruta;"Art. 12.
VIII - serviço de exploração de via, mediante cobrança de valor a qualquer título, incluindo tarifas, pedágios e quaisquer outras formas de cobrança, o território de cada Município e Estado, ou do Distrito Federal, proporcionalmente à correspondente extensão da via explorada;";"Art. 12. Considera-se local da operação com:
VIII - serviço de exploração de via, mediante cobrança de valor a qualquer título, incluindo tarifas, pedágios e quaisquer outras formas de cobrança, o território de cada Município e Estado, ou do Distrito Federal, proporcionalmente à correspondente extensão da via explorada;"
820;Tributação em documento específico;Não;Não;Não;Não;Não;Não;Não;Não;820007;Documento com informações de fornecimento de serviços financeiros, mas com tributação realizada por outro meio, observado o art. 181 da Lei Complementar nº 214, de 2025.;0;0;Não;Não;Não;Não;Não;Não;Não;3 - Sem aliquota;Não;Não;Não;Não;Não;Não;Não;Sim;Não;Não;Não;Não;Não;Não;Não;Não;Não;91811;https://www.planalto.gov.br/ccivil_03/leis/lcp/lcp214.htm#art181;9 - Fornecimento Incompatível com SN;Art. 269. Os seguintes fornecimentos são considerados serviços financeiros e ficam sujeitos a regime específico de incidência da CBS de acordo com o disposto neste Capítulo:;Art. 269. Os seguintes fornecimentos são considerados serviços financeiros e ficam sujeitos a regime específico de incidência do IBS de acordo com o disposto neste Capítulo: 
820;Tributação em documento específico;Não;Não;Não;Não;Não;Não;Não;Não;820008;Documento com informações de fornecimento de serviço continuado, mas com tributação realizada em fatura anterior, observado o art. 10 da Lei Complementar nº 214, de 2025.;0;0;Não;Não;Não;Não;Não;Não;Não;3 - Sem aliquota;Não;Não;Não;Não;Não;Sim;Sim;Não;Não;Não;Sim;Não;Não;Sim;Não;Não;Não;;https://www.planalto.gov.br/ccivil_03/leis/lcp/lcp214.htm#art10;0 - Não Receita Bruta;"Art. 11. Considera-se ocorrido o fato gerador da CBS no momento do fornecimento nas operações com bens ou com serviços, ainda que de execução continuada ou fracionada.
§ 3º Nas operações de execução continuada ou fracionada, considera-se ocorrido o fato gerador na primeira entre as seguintes ocorrências:
I - quando se torna exigível a parte da contraprestação correspondente a cada pagamento, assim considerada a data em que constituído o direito de recebimento do fornecedor contra o adquirente; ou
II - pagamento da obrigação decorrente do fornecimento.";"Art. 11. Considera-se ocorrido o fato gerador do IBS no momento do fornecimento nas operações com bens ou com serviços, ainda que de execução continuada ou fracionada.
§ 3º Nas operações de execução continuada ou fracionada, considera-se ocorrido o fato gerador na primeira entre as seguintes ocorrências:
I - quando se torna exigível a parte da contraprestação correspondente a cada pagamento assim considerada a data em que constituído o direito de recebimento do fornecedor contra o adquirente; ou
II - pagamento da obrigação decorrente do fornecimento."
820;Tributação em documento específico;Não;Não;Não;Não;Não;Não;Não;Não;820009;Cobrança relativa a fornecimentos declarados em outro documento, observado o art. 60 da Lei Complementar nº 214, de 2025.;0;0;Não;Não;Não;Não;Não;Não;Não;3 - Sem aliquota;Não;Não;Não;Sim;Não;Sim;Sim;Sim;Não;Não;Sim;Não;Não;Sim;Não;Não;Não;;https://www.planalto.gov.br/ccivil_03/leis/lcp/lcp214.htm#art60;0 - Não Receita Bruta;Art. 112. O sujeito passivo da CBS, ao realizar operações com bens ou serviços, inclusive exportações e importações, deverá emitir documento fiscal eletrônico, nos termos de ato conjunto da RFB e do CGIBS, que definirá as respectivas datas de início de obrigatoriedade de emissão.;Art. 112. O sujeito passivo do IBS, ao realizar operações com bens ou serviços, inclusive exportações e importações, deverá emitir documento fiscal eletrônico, nos termos de ato conjunto da RFB e do CGIBS, que definirá as respectivas datas de início de obrigatoriedade de emissão.
830;Exclusão da Base de Cálculo;Sim;Não;Não;Não;Não;Não;Não;Não;830001;Documento com  exclusão da base de cálculo da CBS e do IBS refrente à energia elétrica fornecida pela distribuidora à unidade consumidora, conforme  Art 28, parágrafos 3° e 4°.;0;0;Não;Não;Não;Não;Não;Não;Não;2 - Padrão;Sim;Não;Não;Não;Não;Sim;Não;Não;Não;Não;Não;Não;Não;Não;Não;Não;Não;;https://www.planalto.gov.br/ccivil_03/leis/lcp/lcp214.htm#art28;0 - Não Receita Bruta;"Art. 15. Exclui-se da base de cálculo da CBS o valor da energia elétrica fornecida pela distribuidora à unidade consumidora, na quantidade correspondente à energia injetada na rede de distribuição pela mesma unidade consumidora, acrescido do valor dos créditos de energia elétrica originados na própria unidade consumidora no mesmo mês, em meses anteriores ou em outra unidade consumidora do mesmo titular. 
§ 1º A exclusão de que trata o caput aplica-se somente:
I - a consumidores participantes do Sistema de Compensação de Energia Elétrica, de que trata a Lei nº 14.300, de 6 de janeiro de 2022; e
II - à compensação de energia elétrica produzida por microgeração e minigeração, cuja potência instalada seja, respectivamente, menor ou igual a 75 kW e superior a 75 kW e menor ou igual a 1 MW.";"Art. 15. Exclui-se da base de cálculo do IBS o valor da energia elétrica fornecida pela distribuidora à unidade consumidora, na quantidade correspondente à energia injetada na rede de distribuição pela mesma unidade consumidora, acrescido do valor dos créditos de energia elétrica originados na própria unidade consumidora no mesmo mês, em meses anteriores ou em outra unidade consumidora do mesmo titular.
§ 1º A exclusão de que trata o caput deste artigo aplica-se somente:
I - a consumidores participantes do Sistema de Compensação de Energia Elétrica, de que trata a Lei nº 14.300, de 6 de janeiro de 2022;
II - à compensação de energia elétrica produzida por microgeração e minigeração, cuja potência instalada seja, respectivamente, menor ou igual a 75 kW e superior a 75 kW e menor ou igual a 1 MW."
